gene,ensembl,gene_id,uniprot,e3_type,protein_class,mean_ntpm,max_ntpm,max_cell,max_lineage,log2_fc_vs_rest,tau,sd_log2,enrichment_score
TRIM49D2,ENSG00000233802,729384,C9J1S8,RING,RING,19.2667,577.4,basophil,granulocytes,12.2243,1.0,2.2819,112.1653
TRIM64B,ENSG00000189253,642446,A6NI03,RING,RING,24.3767,723.3,basophil,granulocytes,10.9104,0.9996,2.5913,103.6139
SOCS2,ENSG00000120833,8835,O14508,CRL5,CRL5 substrate receptor (BC-box protein with CUL5 box),112.5667,2448.0,basophil,granulocytes,6.2514,0.9869,2.238,69.4571
RNF24,ENSG00000101236,11237,Q9Y225,RING,RING,127.97,2085.8,neutrophil,granulocytes,5.1062,0.971,1.679,54.6743
ABTB1,ENSG00000114626,80325,Q969K4,CRL3,CRL3 substrate receptor (BTB protein),151.9533,2210.2,neutrophil,granulocytes,4.7688,0.9634,0.9198,51.0426
RNF149,ENSG00000163162,284996,Q8NC42,RING,RING,261.6067,3124.2,neutrophil,granulocytes,4.2606,0.9479,1.2012,46.8856
PELI1,ENSG00000197329,57162,Q96FA3,degenerate RING,Degenerate RING,82.0933,1105.3,neutrophil,granulocytes,4.5585,0.9576,1.5502,44.1415
TRIM49D1,ENSG00000223417,399939,C9J1S8,RING,RING,8.3233,169.2,basophil,granulocytes,5.8794,0.9836,1.1879,42.8582
TRIM64,ENSG00000204450,120146,A6NGJ6,RING,RING,1.0533,31.5,basophil,granulocytes,8.2549,0.9999,1.4952,41.4545
ATG16L2,ENSG00000168010,89849,Q8NAA4,CRL4,CRL4 substrate receptor (DDB1-binding protein),164.6033,1738.9,neutrophil,granulocytes,3.9772,0.9366,1.0489,40.0978
HERC5,ENSG00000138646,51191,Q9UII4,HECT,"HECT E3 ligase, Ubl E3",50.6633,648.1,neutrophil,granulocytes,4.4256,0.9536,1.078,39.4278
CDC20,ENSG00000117399,991,Q12834,APC/C,APC substrate receptor,6.6867,122.6,Plasmablast,B-cells,5.4589,0.9781,2.4872,37.1046
FBXL5,ENSG00000118564,26234,Q9UKA1,CRL1,CRL1 substrate receptor (F-box protein),260.17,2305.1,neutrophil,granulocytes,3.6027,0.9177,1.074,36.9351
KLHL14,ENSG00000197705,57565,Q9P2G3,CRL3,CRL3 substrate receptor (BTB protein),9.9033,165.0,Plasmablast,B-cells,5.1484,0.9724,3.2936,36.9211
FBXL13,ENSG00000161040,222235,Q8NEE6,CRL1,CRL1 substrate receptor (F-box protein),4.57,89.0,neutrophil,granulocytes,5.6629,0.9814,1.1288,36.0777
TRAF4,ENSG00000076604,9618,Q9BUZ4,RING,RING,18.8233,260.3,plasmacytoid DC,dendritic cells,4.6191,0.9597,1.4851,35.5934
TRIM51,ENSG00000124900,84767,Q9BSJ1,RING,RING,0.7267,21.5,basophil,granulocytes,7.6129,0.9995,1.4152,34.1794
NEURL1,ENSG00000107954,9148,O76050,RING,RING,11.77,167.5,non-classical monocyte,monocytes,4.6884,0.9618,1.4938,33.3535
RNF220,ENSG00000187147,55182,Q5VTB9,RING,RING,5.8367,95.9,Progenitor cell,Progenitors,5.0836,0.9715,1.3176,32.5887
IVNS1ABP,ENSG00000116679,10625,Q9Y6Y0,CRL3,CRL3 substrate receptor (BTB protein),168.58,1351.6,neutrophil,granulocytes,3.4018,0.9055,0.9139,32.0389
SOCS3,ENSG00000184557,9021,O14543,CRL5,CRL5 substrate receptor (BC-box protein with CUL5 box),59.5733,536.6,neutrophil,granulocytes,3.6342,0.9196,1.5273,30.3145
TRIM25,ENSG00000121060,7706,Q14258,RING,"RING, Ubl E3",46.2867,415.8,neutrophil,granulocytes,3.6278,0.9193,0.8353,29.0261
RNF13,ENSG00000082996,11342,O43567,RING,RING,204.8567,1409.5,neutrophil,granulocytes,3.1087,0.8841,0.9072,28.7543
KLHL33,ENSG00000185271,123103,A6NCF5,CRL3,CRL3 substrate receptor (BTB protein),2.9433,49.5,plasmacytoid DC,dendritic cells,5.1083,0.973,1.0294,28.1225
RNF130,ENSG00000113269,55819,Q86XS8,RING,RING,203.5033,1367.1,neutrophil,granulocytes,3.064,0.8805,2.2069,28.1063
SOCS1,ENSG00000185338,8651,O15524,CRL2,"CRL2 substrate receptor (BC-CUL2-box), CRL5 substrate receptor (BC-CUL5-box)",4.4,58.3,basophil,granulocytes,4.4666,0.9564,1.7562,25.1613
RNF175,ENSG00000145428,285533,Q8N4F7,RING,RING,4.1933,53.6,neutrophil,granulocytes,4.3741,0.9536,2.6686,24.0697
COP1,ENSG00000143207,64326,Q8NHY2,CRL4,"RING, CRL4 substrate receptor (DDB1-binding protein)",31.6567,247.6,neutrophil,granulocytes,3.349,0.9022,0.8285,24.0441
SPOPL,ENSG00000144228,339745,Q6IQ16,CRL3,CRL3 substrate receptor (BTB protein),16.98,148.6,neutrophil,granulocytes,3.5676,0.9163,1.167,23.618
PDZRN3,ENSG00000121440,23024,Q9UPQ7,RING,RING,0.3533,10.5,plasmacytoid DC,dendritic cells,6.679,0.9997,1.2148,23.5262
KCTD12,ENSG00000178695,115207,Q96CX2,CRL3,CRL3 substrate receptor (BTB protein),9.6767,95.7,myeloid DC,dendritic cells,3.8142,0.9299,2.9151,23.3926
KCTD5,ENSG00000167977,54442,Q9NXV2,CRL3,CRL3 substrate receptor (BTB protein),24.22,190.6,plasmacytoid DC,dendritic cells,3.3593,0.903,0.8612,23.0
RNF144B,ENSG00000137393,255488,Q7Z419,RBR,RING-between-RING,34.7467,251.9,non-classical monocyte,monocytes,3.2034,0.8918,2.3377,22.8035
PELI2,ENSG00000139946,57161,Q9HAT8,degenerate RING,Degenerate RING,14.28,122.4,neutrophil,granulocytes,3.5236,0.9138,1.3527,22.369
CISH,ENSG00000114737,1154,Q9NSE2,CRL2,"CRL2 substrate receptor (BC-CUL2-box), CRL5 substrate receptor (BC-CUL5-box)",97.3967,554.0,basophil,granulocytes,2.7608,0.8526,1.8829,21.4591
SHKBP1,ENSG00000160410,92799,Q8TBC3,CRL3,CRL3 substrate receptor (BTB protein),251.04,1244.7,neutrophil,granulocytes,2.521,0.8258,0.7324,21.4079
TRIM21,ENSG00000132109,6737,P19474,RING,RING,86.3067,496.9,neutrophil,granulocytes,2.7822,0.8548,0.6548,21.3084
HECW2,ENSG00000138411,57520,Q9P2P5,HECT,HECT E3 ligase,1.3867,21.3,neutrophil,granulocytes,4.7415,0.9671,1.5052,20.539
RNF19B,ENSG00000116514,127544,Q6ZMZ0,RBR,RING-between-RING,14.4267,111.7,neutrophil,granulocytes,3.3229,0.9009,1.3441,20.4049
MARCHF3,ENSG00000173926,115123,Q86UD3,RING,RING,13.48,103.6,naive B-cell,B-cells,3.3077,0.8999,1.5834,19.9691
RTF2,ENSG00000022277,51507,Q9BY42,degenerate RING,Degenerate RING,203.7167,939.9,neutrophil,granulocytes,2.3973,0.8103,0.6132,19.1873
KBTBD7,ENSG00000120696,84078,Q8WVZ9,CRL3,CRL3 substrate receptor (BTB protein),17.53,121.8,neutrophil,granulocytes,3.1187,0.8856,0.6673,19.1678
DTX3L,ENSG00000163840,151636,Q8TDB6,RING,RING,69.1567,369.9,neutrophil,granulocytes,2.6515,0.8411,0.9245,19.0339
KLHL2,ENSG00000109466,11275,O95198,CRL3,CRL3 substrate receptor (BTB protein),14.0367,101.4,neutrophil,granulocytes,3.1897,0.8913,1.0122,18.9853
UBR2,ENSG00000024048,23304,Q8IWV8,RING,RING,59.5567,325.0,neutrophil,granulocytes,2.6864,0.8449,0.6136,18.9499
KLHL13,ENSG00000003096,90293,Q9P2N7,CRL3,CRL3 substrate receptor (BTB protein),2.55,29.0,Progenitor cell,Progenitors,4.0656,0.9435,2.2502,18.8226
RNF141,ENSG00000110315,50862,Q8WVD5,RING,RING,59.0333,318.8,neutrophil,granulocytes,2.668,0.8429,1.2721,18.7136
BTBD19,ENSG00000222009,149478,C9JJ37,CRL3,CRL3 substrate receptor (BTB protein),2.3733,27.3,neutrophil,granulocytes,4.0856,0.9445,1.7081,18.6114
TBL1X,ENSG00000101849,6907,O60907,CRL4,CRL4 substrate receptor (DDB1-binding protein),20.4667,132.5,neutrophil,granulocytes,2.9889,0.8747,1.0291,18.459
NFXL1,ENSG00000170448,152518,Q6ZNB6,RING,RING,8.3067,64.7,neutrophil,granulocytes,3.3259,0.9017,0.9949,18.1067
FBH1,ENSG00000134452,84893,Q8NFZ0,CRL1,CRL1 substrate receptor (F-box protein),28.25,167.2,Plasmablast,B-cells,2.8281,0.8597,0.5927,17.9773
TOPORS,ENSG00000197579,10210,Q9NS56,RING,RING,63.3533,325.7,neutrophil,granulocytes,2.5821,0.8333,0.5793,17.9696
AHR,ENSG00000106546,196,P35869,CRL4,CRL4 substrate receptor (DDB1-binding protein),22.0133,134.2,myeloid DC,dendritic cells,2.8799,0.8648,1.3561,17.6302
TRIM6,ENSG00000121236,117854,Q9C030,RING,RING,1.5433,18.8,neutrophil,granulocytes,4.1723,0.9496,1.2769,17.0654
TNFAIP3,ENSG00000118503,7128,P21580,atypical,Atypical E3 (A20-type zinc finger),854.19,3039.7,neutrophil,granulocytes,1.9644,0.7438,1.4723,16.9052
KLHL21,ENSG00000162413,9903,Q9UJP4,CRL3,CRL3 substrate receptor (BTB protein),36.52,191.6,neutrophil,granulocytes,2.6159,0.8373,0.6972,16.6232
TRIM36,ENSG00000152503,55521,Q9NQ86,RING,RING,1.9133,20.6,non-classical monocyte,monocytes,3.9185,0.9384,2.2937,16.3004
ZNFX1,ENSG00000124201,57169,Q9P2E3,degenerate RING,"Degenerate RING, atypical",106.8967,463.1,neutrophil,granulocytes,2.29,0.7957,0.6383,16.141
RCBTB2,ENSG00000136161,1102,O95199,CRL3,CRL3 substrate receptor (BTB protein),60.72,280.0,neutrophil,granulocytes,2.3949,0.8101,1.5391,15.7823
MEX3C,ENSG00000176624,51320,Q5U5Q3,RING,RING,17.3467,99.1,basophil,granulocytes,2.7616,0.8534,0.7764,15.6617
PJA2,ENSG00000198961,9867,O43164,RING,RING,139.4633,567.4,neutrophil,granulocytes,2.1849,0.7802,0.5369,15.5994
KLHL23,ENSG00000213160,151230,Q8NBE8,CRL3,CRL3 substrate receptor (BTB protein),5.3367,39.0,Progenitor cell,Progenitors,3.1929,0.8929,1.5201,15.1729
WSB1,ENSG00000109046,26118,Q9Y6I7,CRL5,CRL5 substrate receptor (BC-box protein with CUL5 box),255.0033,942.0,non-classical monocyte,monocytes,2.0254,0.7544,0.7693,15.0989
EGR2,ENSG00000122877,1959,P11161,atypical,"Atypical E3, SUMO E3",8.5433,54.8,classical monocyte,monocytes,2.9615,0.8732,2.1876,15.0043
MARCHF7,ENSG00000136536,64844,Q9H992,RING,RING,211.7067,788.5,neutrophil,granulocytes,2.0388,0.7567,0.4507,14.8494
DTL,ENSG00000143476,51514,Q9NZJ0,CRL4,CRL4 substrate receptor (DDB1-binding protein),1.9267,18.7,Plasmablast,B-cells,3.6983,0.9279,2.0108,14.7566
BTBD3,ENSG00000132640,22903,Q9Y2F9,CRL3,CRL3 substrate receptor (BTB protein),4.7533,34.8,Progenitor cell,Progenitors,3.1926,0.8932,2.2676,14.7196
TRIM9,ENSG00000100505,114088,Q9C026,RING,RING,0.6967,10.0,neutrophil,granulocytes,4.4077,0.9624,1.6841,14.6749
RBCK1,ENSG00000125826,10616,Q9BYM8,RBR,RING-between-RING,126.0733,483.1,neutrophil,granulocytes,2.0853,0.7645,0.4766,14.2196
MEX3B,ENSG00000183496,84206,Q6ZN04,RING,RING,0.48,7.9,Progenitor cell,Progenitors,4.6253,0.9716,1.5734,14.1735
MARCHF1,ENSG00000145416,55016,Q8TCQ1,RING,RING,74.5567,303.0,classical monocyte,monocytes,2.1823,0.7799,3.4916,14.0386
KLHL4,ENSG00000102271,56062,Q9C0H6,CRL3,CRL3 substrate receptor (BTB protein),0.7167,9.5,Terminal effector memory CD4 T-cell,T-cells,4.2238,0.9564,1.8771,13.7043
RC3H1,ENSG00000135870,149041,Q5TC82,RING,RING,39.21,169.9,neutrophil,granulocytes,2.2882,0.7957,0.5852,13.5052
RFPL4A,ENSG00000223638,342931,A6NLU0,RING,RING,1.6467,15.0,classical monocyte,monocytes,3.5534,0.9209,2.4164,13.0894
RNF10,ENSG00000022840,9921,Q8N5U6,RING,RING,336.2,1089.4,basophil,granulocytes,1.8118,0.7152,0.5345,13.076
RNF5,ENSG00000204308,6048,Q99942,RING,RING,62.0667,244.2,plasmacytoid DC,dendritic cells,2.1281,0.7716,0.4694,13.0334
MYLIP,ENSG00000007944,29116,Q8WY64,RING,RING,40.04,167.1,neutrophil,granulocytes,2.2252,0.7866,0.7228,12.9407
UHRF1,ENSG00000276043,29128,Q96T88,RING,RING,4.58,29.9,Plasmablast,B-cells,2.9783,0.876,1.24,12.9135
FBXO10,ENSG00000147912,26267,Q9UK96,CRL1,CRL1 substrate receptor (F-box protein),4.0267,27.2,Switched memory B-cell,B-cells,3.0364,0.8813,1.9304,12.8922
SH3RF1,ENSG00000154447,57630,Q7Z6J0,RING,RING,4.8133,30.9,intermediate monocyte,monocytes,2.9492,0.8733,3.1366,12.8668
WWP2,ENSG00000198373,11060,O00308,HECT,HECT E3 ligase,91.65,339.0,neutrophil,granulocytes,2.0267,0.7548,0.5646,12.8644
ABTB2,ENSG00000166016,25841,Q8N961,CRL3,CRL3 substrate receptor (BTB protein),1.4,13.3,plasmacytoid DC,dendritic cells,3.6203,0.9256,1.2499,12.8606
LMO7,ENSG00000136153,4008,Q8WWI1,CRL1,CRL1 substrate receptor (F-box protein),14.1067,68.9,naive CD4 T-cell,T-cells,2.4859,0.8227,1.3143,12.5309
RHOBTB1,ENSG00000072422,9886,O94844,CRL3,CRL3 substrate receptor (BTB protein),0.5467,7.5,Progenitor cell,Progenitors,4.2233,0.9591,1.7582,12.5056
WDR26,ENSG00000162923,80232,Q9H7D7,CRL4,CRL4 substrate receptor (DDB1-binding protein),23.3367,102.7,neutrophil,granulocytes,2.3121,0.7994,0.53,12.3771
MKRN1,ENSG00000133606,23608,Q9UHC7,RING,RING,84.31,305.6,neutrophil,granulocytes,1.9933,0.7491,0.622,12.3339
RFFL,ENSG00000092871,117584,Q8WZ73,RING,RING,72.9,267.4,neutrophil,granulocytes,2.0126,0.7525,0.8725,12.2185
ASB9,ENSG00000102048,140462,Q96DX5,CRL5,CRL5 substrate receptor (BC-box protein with CUL5 box),1.6967,14.2,Progenitor cell,Progenitors,3.3885,0.9109,1.2021,12.1176
BIRC7,ENSG00000101197,79444,Q96CA5,RING,RING,0.2233,4.7,naive CD8 T-cell,T-cells,4.8282,0.9853,1.2536,11.9456
DTX2,ENSG00000091073,113878,Q86UW9,RING,RING,47.42,179.7,neutrophil,granulocytes,2.0654,0.7615,0.5882,11.7918
ASB2,ENSG00000100628,51676,Q96Q27,CRL2,"CRL2 substrate receptor (BC-CUL2-box), CRL5 substrate receptor (BC-CUL5-box)",5.3567,30.8,Plasmablast,B-cells,2.7544,0.8546,1.9789,11.7478
NEDD4,ENSG00000069869,4734,P46934,HECT,HECT E3 ligase,3.4,22.1,Progenitor cell,Progenitors,2.9589,0.8753,1.7022,11.7324
MDM2,ENSG00000135679,4193,Q00987,RING,"RING, Ubl E3",47.53,178.2,neutrophil,granulocytes,2.0477,0.7586,0.5991,11.6274
PML,ENSG00000140464,5371,P29590,RING,RING,70.4833,250.1,neutrophil,granulocytes,1.9582,0.7429,0.4762,11.598
TRIM22,ENSG00000132274,10346,Q8IYM9,RING,RING,292.6433,869.3,neutrophil,granulocytes,1.6719,0.6862,0.8044,11.2037
BIRC3,ENSG00000023445,330,Q13489,RING,RING,55.7333,196.6,naive B-cell,B-cells,1.9481,0.7412,1.4796,11.0124
SYVN1,ENSG00000162298,84447,Q86TM6,RING,RING,24.1167,95.8,Plasmablast,B-cells,2.1409,0.7741,0.7647,10.9322
PCMTD1,ENSG00000168300,115294,Q96MG8,CRL5,CRL5 substrate receptor (BC-box protein with CUL5 box),76.4033,256.1,neutrophil,granulocytes,1.8655,0.7259,0.4389,10.8413
NOSIP,ENSG00000142546,51070,Q9Y314,degenerate RING,Degenerate RING (U-box),169.35,519.4,naive CD4 T-cell,T-cells,1.7229,0.6972,1.0515,10.8388
ZSWIM8,ENSG00000214655,23053,A7E2V4,CRL2,"CRL2 substrate receptor (BC-CUL2-box), CRL3 substrate receptor",23.9267,93.7,neutrophil,granulocytes,2.1172,0.7703,0.6457,10.7074
PDZRN4,ENSG00000165966,29951,Q6ZMN7,RING,RING,0.11,3.3,Progenitor cell,Progenitors,5.0875,1.0,0.9132,10.7057
CRBN,ENSG00000113851,51185,Q96SW2,CRL4,CRL4 substrate receptor (DDB1-binding protein),137.63,425.2,basophil,granulocytes,1.7344,0.6996,0.5796,10.6002
RCBTB1,ENSG00000136144,55213,Q8NDN9,CRL3,CRL3 substrate receptor (BTB protein),32.2867,119.6,basophil,granulocytes,2.0267,0.7552,0.4678,10.5828
RNF217,ENSG00000146373,154214,Q8TC41,RBR,RING-between-RING,0.63,6.9,Progenitor cell,Progenitors,3.7681,0.94,1.8211,10.5621
RNF135,ENSG00000181481,84282,Q8IUD6,RING,RING,70.47,234.2,classical monocyte,monocytes,1.8515,0.7232,1.3691,10.5487
PIAS1,ENSG00000033800,8554,O75925,degenerate RING,"Degenerate RING (SP-RING), SUMO E3",93.2967,299.1,neutrophil,granulocytes,1.7937,0.7118,0.3931,10.5067
RNF213,ENSG00000173821,57674,Q63HN8,atypical,"RING, atypical E3 (RZ finger)",41.95,148.5,neutrophil,granulocytes,1.9532,0.7423,0.664,10.4729
FBXW8,ENSG00000174989,26259,Q8N3Y1,CRL1,CRL1 substrate receptor (F-box protein),6.5867,32.5,Plasmablast,B-cells,2.4925,0.8248,0.9415,10.4151
WDTC1,ENSG00000142784,23038,Q8N5D0,CRL4,CRL4 substrate receptor (DDB1-binding protein),4.3133,23.6,neutrophil,granulocytes,2.6606,0.8454,0.8136,10.3931
NEURL1B,ENSG00000214357,54492,A8MQ27,RING,RING,0.1567,3.6,Progenitor cell,Progenitors,4.7455,0.9895,1.0692,10.3378
VPS8,ENSG00000156931,23355,Q8N3P4,RING,RING,46.67,161.1,neutrophil,granulocytes,1.9124,0.7348,0.4906,10.3152
FBXO5,ENSG00000112029,26271,Q9UKT4,CRL1,CRL1 substrate receptor (F-box protein),12.0867,51.5,Plasmablast,B-cells,2.2527,0.7917,0.8849,10.1909
CBL,ENSG00000110395,867,P22681,RING,"RING, Ubl E3",21.0933,81.2,neutrophil,granulocytes,2.0881,0.7658,0.6179,10.1713
KLHL8,ENSG00000145332,57563,Q9P2G9,CRL3,CRL3 substrate receptor (BTB protein),20.6433,78.1,neutrophil,granulocytes,2.0593,0.761,0.7126,9.8826
TRIM2,ENSG00000109654,23321,Q9C040,RING,RING,1.8267,12.3,Memory CD4 T-cell Th2,T-cells,2.9856,0.8809,1.779,9.8183
RNF103,ENSG00000239305,7844,O00237,RING,RING,2.5233,15.3,basophil,granulocytes,2.8187,0.8639,1.0383,9.8053
TRPC4AP,ENSG00000100991,26133,Q8TEL6,CRL4,CRL4 substrate receptor (DDB1-binding protein),171.0067,491.6,neutrophil,granulocytes,1.6192,0.6746,0.4676,9.7706
FEM1C,ENSG00000145780,56929,Q96JP0,CRL2,"CRL2 substrate receptor (BC-CUL2-box), CRL5 substrate receptor (BC-CUL5-box)",20.5267,76.3,neutrophil,granulocytes,2.0303,0.7562,0.6216,9.6297
BTBD10,ENSG00000148925,84280,Q9BSF8,CRL3,CRL3 substrate receptor (BTB protein),58.2667,185.7,neutrophil,granulocytes,1.7835,0.7099,0.4631,9.5519
FBXO30,ENSG00000118496,84085,Q8TB52,CRL1,CRL1 substrate receptor (F-box protein),4.0333,20.9,basophil,granulocytes,2.5638,0.8348,0.7578,9.5308
LRWD1,ENSG00000161036,222229,Q9UFC0,CRL4,CRL4 substrate receptor (DDB1-binding protein),30.16,103.7,neutrophil,granulocytes,1.9046,0.7336,0.7064,9.3756
ZMIZ1,ENSG00000108175,57178,Q9ULJ6,degenerate RING,"Degenerate RING (SP-RING), SUMO E3",13.77,53.7,neutrophil,granulocytes,2.1065,0.7692,1.1392,9.3549
TRIM58,ENSG00000162722,25893,Q8NG06,RING,RING,5.2867,25.2,Progenitor cell,Progenitors,2.4284,0.8175,1.7488,9.3529
RHOBTB2,ENSG00000008853,23221,Q9BYZ6,CRL3,CRL3 substrate receptor (BTB protein),10.6167,43.3,Exhausted memory B-cell,B-cells,2.1781,0.7808,1.2433,9.302
ENC1,ENSG00000171617,8507,O14682,CRL3,CRL3 substrate receptor (BTB protein),8.4933,35.8,Non-Vd2 gdTCR,T-cells,2.2301,0.7891,1.9608,9.1533
MAEA,ENSG00000090316,10296,Q7L5Y9,degenerate RING,Degenerate RING (U-box),81.7367,241.9,neutrophil,granulocytes,1.665,0.6849,0.3844,9.0369
MGRN1,ENSG00000102858,23295,O60291,RING,RING,20.5133,72.6,neutrophil,granulocytes,1.9499,0.7422,0.5277,8.9749
SOCS6,ENSG00000170677,9306,O14544,CRL5,CRL5 substrate receptor (BC-box protein with CUL5 box),2.9533,15.8,Progenitor cell,Progenitors,2.6067,0.8411,1.5697,8.9245
FANCL,ENSG00000115392,55120,Q9NW38,RING,RING,7.5533,31.9,Progenitor cell,Progenitors,2.2315,0.7895,1.0653,8.8799
ARPC1B,ENSG00000130429,10095,O15143,CRL4,CRL4 substrate receptor (DDB1-binding protein),647.8333,1581.6,classical monocyte,monocytes,1.3611,0.6108,0.7542,8.835
IRF2BPL,ENSG00000119669,64207,Q9H1B7,RING,RING,2.24,12.8,neutrophil,granulocytes,2.7068,0.8534,0.7036,8.7475
FBXO39,ENSG00000177294,162517,Q8N4B4,CRL1,CRL1 substrate receptor (F-box protein),0.4967,5.1,neutrophil,granulocytes,3.5697,0.9337,1.3354,8.6957
TRIM45,ENSG00000134253,80263,Q9H8W5,RING,RING,1.0567,7.8,Progenitor cell,Progenitors,3.0957,0.8943,1.0621,8.6865
TRIM5,ENSG00000132256,85363,Q9C035,RING,RING,34.5533,110.7,neutrophil,granulocytes,1.7906,0.7116,0.6183,8.6686
DTX4,ENSG00000110042,23220,Q9Y2E6,RING,RING,4.58,21.3,plasmacytoid DC,dendritic cells,2.3827,0.812,2.6791,8.6662
RAB40C,ENSG00000197562,57799,Q96S21,CRL5,CRL5 substrate receptor (BC-box protein with CUL5 box),6.62,27.8,neutrophil,granulocytes,2.2197,0.7881,0.6636,8.4814
LONRF3,ENSG00000175556,79836,Q496Y0,RING,RING,3.3433,16.4,MAIT T-cell,T-cells,2.4628,0.8236,1.8354,8.3587
RFPL2,ENSG00000128253,10739,O75678,RING,RING,0.7667,6.2,Memory CD4 T-cell Th2,T-cells,3.2132,0.9066,1.9254,8.2961
RMND5A,ENSG00000153561,64795,Q9H871,degenerate RING,Degenerate RING,48.6333,144.9,neutrophil,granulocytes,1.6749,0.6873,0.463,8.275
GMCL1,ENSG00000087338,64395,Q96IK5,CRL3,CRL3 substrate receptor (BTB protein),50.24,147.8,basophil,granulocytes,1.6546,0.6828,0.509,8.1544
SH3RF2,ENSG00000156463,153769,Q8TEC5,RING,RING,0.6267,5.4,Terminal effector memory CD8 T-cell,T-cells,3.2906,0.9144,1.5249,8.0584
RNF157,ENSG00000141576,114804,Q96PX1,RING,RING,10.0967,37.3,naive CD8 T-cell,T-cells,2.0142,0.7545,1.4136,7.992
ZER1,ENSG00000160445,10444,Q7Z7L7,CRL2,CRL2 substrate receptor (BC-CUL2-box),41.39,123.1,neutrophil,granulocytes,1.6716,0.6867,0.4914,7.9836
ZNRF1,ENSG00000186187,84937,Q8ND25,RING,RING,0.91,6.6,Progenitor cell,Progenitors,3.0414,0.8918,1.5935,7.9368
BRWD3,ENSG00000165288,254065,Q6RI45,CRL4,CRL4 substrate receptor (DDB1-binding protein),4.41,19.3,neutrophil,granulocytes,2.2792,0.7981,0.5342,7.9009
RNF222,ENSG00000189051,643904,A6NCQ9,RING,RING,0.61,5.2,basophil,granulocytes,3.264,0.9131,1.1232,7.8453
TRIM39,ENSG00000204599,56658,Q9HCM9,RING,RING,8.83,33.0,neutrophil,granulocytes,2.0315,0.7577,0.6344,7.8306
IBTK,ENSG00000005700,25998,Q9P2D0,CRL3,CRL3 substrate receptor (BTB protein),12.4333,43.3,Plasmablast,B-cells,1.92,0.7374,1.3068,7.7436
GRWD1,ENSG00000105447,83743,Q9BQ67,CRL4,CRL4 substrate receptor (DDB1-binding protein),43.98,127.3,Plasmablast,B-cells,1.6284,0.6771,1.3682,7.7217
ZSWIM6,ENSG00000130449,57688,Q9HCJ5,CRL2,CRL2 substrate receptor (BC-CUL2-box),12.8833,44.5,neutrophil,granulocytes,1.9069,0.735,0.9035,7.7195
MARCHF8,ENSG00000165406,220972,Q5T0T0,RING,RING,27.05,83.0,neutrophil,granulocytes,1.7202,0.6973,0.7726,7.6682
KLHL5,ENSG00000109790,51088,Q96PQ7,CRL3,CRL3 substrate receptor (BTB protein),21.7467,68.0,Plasmablast,B-cells,1.7496,0.7037,1.0945,7.5203
FBXL20,ENSG00000108306,84961,Q96IG2,CRL1,CRL1 substrate receptor (F-box protein),28.1567,84.7,neutrophil,granulocytes,1.6886,0.6906,0.4692,7.4881
KBTBD2,ENSG00000170852,25948,Q8IY47,CRL3,CRL3 substrate receptor (BTB protein),69.46,187.2,neutrophil,granulocytes,1.5158,0.6506,0.5872,7.4521
RHOBTB3,ENSG00000164292,22836,O94955,CRL3,CRL3 substrate receptor (BTB protein),5.1467,20.7,NK-cell,NK-cells,2.1427,0.7773,1.049,7.394
RNF122,ENSG00000133874,79845,Q9H9V4,RING,RING,3.6067,15.8,non-classical monocyte,monocytes,2.2745,0.7983,1.2838,7.3912
BRCA1,ENSG00000012048,672,P38398,RING,RING,11.1633,38.4,neutrophil,granulocytes,1.8988,0.7337,0.6237,7.3845
MARCHF2,ENSG00000099785,51257,Q9P0N8,RING,RING,23.8167,72.1,plasmacytoid DC,dendritic cells,1.6981,0.6928,0.6508,7.2838
KCTD10,ENSG00000110906,83892,Q9H3F6,CRL3,CRL3 substrate receptor (BTB protein),29.8,87.5,NK-cell,NK-cells,1.6501,0.6822,0.4657,7.2804
TRIM62,ENSG00000116525,55223,Q9BVG3,RING,RING,13.1667,43.4,basophil,granulocytes,1.8313,0.7206,0.6698,7.222
CCIN,ENSG00000185972,881,Q13939,CRL3,CRL3 substrate receptor (BTB protein),0.5367,4.5,neutrophil,granulocytes,3.2016,0.9111,1.5957,7.1743
HERC3,ENSG00000138641,8916,Q15034,HECT,HECT E3 ligase,3.7367,15.8,neutrophil,granulocytes,2.2167,0.7898,0.8262,7.1264
IRF2BP2,ENSG00000168264,359948,Q7Z5L9,RING,RING,35.18,99.5,plasmacytoid DC,dendritic cells,1.591,0.6687,0.5975,7.0762
RFPL4AL1,ENSG00000229292,729974,F8VTS6,RING,RING,0.2333,3.0,myeloid DC,dendritic cells,3.7037,0.954,1.3287,7.0667
TRIM7,ENSG00000146054,81786,Q9C029,RING,RING,0.6733,5.0,classical monocyte,monocytes,3.0306,0.8952,1.5046,7.0127
LGALS3BP,ENSG00000108679,3959,Q08380,CRL3,CRL3 substrate receptor (BTB protein),69.81,178.2,naive CD4 T-cell,T-cells,1.43,0.6292,1.5337,6.7353
ASB13,ENSG00000196372,79754,Q8WXK3,CRL5,CRL5 substrate receptor (BC-box protein with CUL5 box),12.9267,40.9,classical monocyte,monocytes,1.7651,0.7075,1.9829,6.7301
FBXO11,ENSG00000138081,80204,Q86XK2,CRL1,CRL1 substrate receptor (F-box protein),18.4433,55.2,neutrophil,granulocytes,1.6785,0.6888,0.4134,6.7206
RNF145,ENSG00000145860,153830,Q96MT1,RING,RING,17.0733,51.5,neutrophil,granulocytes,1.6905,0.6915,0.4689,6.6803
RNF182,ENSG00000180537,221687,Q8N6D2,RING,RING,0.6733,4.8,naive B-cell,B-cells,2.957,0.8894,1.9417,6.6694
DTX3,ENSG00000178498,196403,Q8N9I9,RING,RING,8.68,29.1,Vd2 gdTCR,T-cells,1.8543,0.7259,2.1742,6.6114
ZNRF2,ENSG00000180233,223082,Q8NHG8,RING,RING,5.4833,20.1,plasmacytoid DC,dendritic cells,1.9917,0.7523,0.5435,6.5911
TRAF5,ENSG00000082512,7188,O00463,RING,RING,66.2533,166.7,Non-switched memory B-cell,B-cells,1.4072,0.6233,1.8875,6.4821
TBL1XR1,ENSG00000177565,79718,Q9BZK7,CRL4,CRL4 substrate receptor (DDB1-binding protein),68.17,171.0,plasmacytoid DC,dendritic cells,1.4025,0.6221,0.3884,6.479
FBXO33,ENSG00000165355,254170,Q7Z6M2,CRL1,CRL1 substrate receptor (F-box protein),21.79,62.0,neutrophil,granulocytes,1.5987,0.6709,0.5217,6.4113
TRIM69,ENSG00000185880,140691,Q86WT6,RING,RING,2.46,10.7,Plasmablast,B-cells,2.2465,0.7966,1.5636,6.3507
UBR5,ENSG00000104517,51366,O95071,HECT,HECT E3 ligase,30.7333,83.2,Plasmablast,B-cells,1.5211,0.6524,0.4386,6.3463
KBTBD8,ENSG00000163376,84541,Q8NFY9,CRL3,CRL3 substrate receptor (BTB protein),13.82,41.7,naive B-cell,B-cells,1.6896,0.6916,1.1648,6.3293
LONRF1,ENSG00000154359,91694,Q17RB8,RING,RING,1.8133,8.6,basophil,granulocytes,2.3731,0.8164,1.5294,6.3216
TRIM49,ENSG00000168930,57093,P0CI25,RING,RING,0.06,1.8,basophil,granulocytes,4.2479,1.0,0.7625,6.31
TRIM49C,ENSG00000204449,642612,P0CI26,RING,RING,0.06,1.8,basophil,granulocytes,4.2479,1.0,0.7625,6.31
FBXL8,ENSG00000135722,55336,Q96CD0,CRL1,CRL1 substrate receptor (F-box protein),18.49,53.3,Memory CD4 T-cell Th17,T-cells,1.6186,0.6756,0.911,6.3021
KLHL31,ENSG00000124743,401265,Q9H511,CRL3,CRL3 substrate receptor (BTB protein),0.13,2.2,Progenitor cell,Progenitors,3.858,0.9734,1.0201,6.3015
RNF144A,ENSG00000151692,9781,P50876,RBR,RING-between-RING,12.8933,39.2,naive CD4 T-cell,T-cells,1.7012,0.6942,1.7172,6.2937
KCTD21,ENSG00000188997,283219,Q4G0X4,CRL3,CRL3 substrate receptor (BTB protein),11.2267,34.8,neutrophil,granulocytes,1.7309,0.7008,0.7592,6.2612
HLTF,ENSG00000071794,6596,Q14527,RING,RING,15.0367,44.4,Progenitor cell,Progenitors,1.6556,0.6841,1.5042,6.235
CHFR,ENSG00000072609,55743,Q96EP1,RING,RING,85.2533,204.7,neutrophil,granulocytes,1.3341,0.6036,0.4416,6.1882
KLHL18,ENSG00000114648,23276,O94889,CRL3,CRL3 substrate receptor (BTB protein),17.7433,50.8,non-classical monocyte,monocytes,1.6075,0.6732,0.6513,6.1625
RNF44,ENSG00000146083,22838,Q7L0R7,RING,RING,24.2333,66.2,neutrophil,granulocytes,1.5345,0.6558,0.6472,6.1089
TRIM33,ENSG00000197323,51592,Q9UPN9,RING,RING,20.9833,58.2,basophil,granulocytes,1.558,0.6615,0.4863,6.0679
RNF166,ENSG00000158717,115992,Q96A37,RING,RING,190.77,424.2,Terminal effector memory CD4 T-cell,T-cells,1.2147,0.5693,1.1254,6.0378
FBXO38,ENSG00000145868,81545,Q6PIJ6,CRL1,CRL1 substrate receptor (F-box protein),32.21,84.1,neutrophil,granulocytes,1.464,0.6383,0.3718,5.9909
RCHY1,ENSG00000163743,25898,Q96PM5,RING,RING,36.9733,94.4,basophil,granulocytes,1.4291,0.6293,0.3985,5.9141
ABTB3,ENSG00000151136,121551,A6QL63,CRL3,CRL3 substrate receptor (BTB protein),6.25,20.8,MAIT T-cell,T-cells,1.8374,0.7236,1.8104,5.9119
RNF11,ENSG00000123091,26994,Q9Y3C5,RING,RING,35.3633,90.6,neutrophil,granulocytes,1.4344,0.6307,0.6223,5.8961
AREL1,ENSG00000119682,9870,O15033,HECT,HECT E3 ligase,21.4533,58.1,neutrophil,granulocytes,1.5203,0.6525,0.5541,5.8379
PRKN,ENSG00000185345,5071,O60260,RBR,"RING-between-RING, Ubl E3",1.8567,8.2,naive CD4 T-cell,T-cells,2.2557,0.8003,1.7583,5.7795
TRIM8,ENSG00000171206,81603,Q9BZR9,RING,RING,22.1567,59.4,neutrophil,granulocytes,1.5044,0.6486,0.4577,5.7731
RNF39,ENSG00000204618,80352,Q9H2S5,RING,RING,0.3233,2.9,neutrophil,granulocytes,3.165,0.9191,1.2587,5.7118
TRIM55,ENSG00000147573,84675,Q9BYV6,RING,RING,0.07,1.7,Plasmablast,B-cells,3.9835,0.9919,0.8302,5.6619
SKP2,ENSG00000145604,6502,Q13309,CRL1,CRL1 substrate receptor (F-box protein),22.4433,59.3,basophil,granulocytes,1.4815,0.643,0.4568,5.6334
TRIM74,ENSG00000155428,378108,Q86UV6,RING,RING,1.9433,8.3,Progenitor cell,Progenitors,2.2032,0.7923,1.1514,5.6157
KLHL7,ENSG00000122550,55975,Q8IXQ5,CRL3,CRL3 substrate receptor (BTB protein),26.6,68.3,basophil,granulocytes,1.437,0.6316,0.4358,5.5499
CCNF,ENSG00000162063,899,P41002,CRL1,CRL1 substrate receptor (F-box protein),4.2433,14.7,Plasmablast,B-cells,1.8938,0.7359,1.2293,5.5362
RNF169,ENSG00000166439,254225,Q8NCN4,RING,RING,7.59,23.3,neutrophil,granulocytes,1.7108,0.6975,0.5395,5.4927
RBBP5,ENSG00000117222,5929,Q15291,CRL4,CRL4 substrate receptor (DDB1-binding protein),41.0667,99.9,basophil,granulocytes,1.3534,0.6092,0.3556,5.4886
MARCHF10,ENSG00000173838,162333,Q8NA82,RING,RING,0.19,2.2,Plasmablast,B-cells,3.3815,0.9451,1.0663,5.3632
MNAT1,ENSG00000020426,4331,P51948,RING,RING,26.5433,66.7,plasmacytoid DC,dendritic cells,1.4031,0.6228,0.9614,5.3139
TRAF3,ENSG00000131323,7187,Q13114,RING,RING,19.1533,50.1,Switched memory B-cell,B-cells,1.4648,0.639,0.8364,5.3122
TRIM75,ENSG00000250374,391714,A6NK02,RING,RING,0.05,1.5,Terminal effector memory CD4 T-cell,T-cells,4.0,1.0,0.718,5.2877
ANKIB1,ENSG00000001629,54467,Q9P2G1,RBR,RING-between-RING,15.1167,40.6,Plasmablast,B-cells,1.5052,0.6493,0.4162,5.2566
BIRC2,ENSG00000110330,329,Q13490,RING,RING,89.29,198.1,basophil,granulocytes,1.2106,0.5682,0.4502,5.2537
DCAF12,ENSG00000198876,25853,Q5T6F0,CRL4,CRL4 substrate receptor (DDB1-binding protein),80.6067,180.1,naive B-cell,B-cells,1.2215,0.5715,0.7256,5.236
RNF146,ENSG00000118518,81847,Q9NTX7,RING,RING,72.95,163.4,neutrophil,granulocytes,1.2253,0.5726,0.4925,5.1649
NEURL2,ENSG00000124257,140825,Q9BR09,CRL5,CRL5 substrate receptor (BC-box protein with CUL5 box),2.7867,10.2,Progenitor cell,Progenitors,1.9689,0.7519,1.0746,5.1597
RNF150,ENSG00000170153,57484,Q9ULK6,RING,RING,0.0767,1.6,Progenitor cell,Progenitors,3.7755,0.9849,0.8583,5.1261
RNF167,ENSG00000108523,26001,Q9H6Y7,RING,RING,172.9867,361.4,neutrophil,granulocytes,1.1177,0.5393,0.3999,5.1246
RNF121,ENSG00000137522,55298,Q9H920,RING,RING,15.5767,41.1,plasmacytoid DC,dendritic cells,1.4774,0.6424,0.6064,5.1211
TRIM46,ENSG00000163462,80128,Q7Z4K8,RING,RING,4.24,14.0,Memory CD4 T-cell Th17,T-cells,1.8164,0.7212,1.4615,5.1178
FBXO6,ENSG00000116663,26270,Q9NRD1,CRL1,CRL1 substrate receptor (F-box protein),47.55,110.0,neutrophil,granulocytes,1.275,0.5873,1.024,5.0877
CCNB1IP1,ENSG00000100814,57820,Q9NPC3,RING,RING,33.9867,81.3,Progenitor cell,Progenitors,1.3266,0.602,1.1447,5.0816
TRIP12,ENSG00000153827,9320,Q14669,HECT,HECT E3 ligase,53.94,123.1,neutrophil,granulocytes,1.254,0.5812,0.3332,5.0692
RNFT2,ENSG00000135119,84900,Q96EX2,RING,RING,5.0667,16.0,Plasmablast,B-cells,1.7491,0.7069,0.6287,5.0538
RNF185,ENSG00000138942,91445,Q96GF1,RING,RING,37.8667,89.3,neutrophil,granulocytes,1.3046,0.5958,0.3685,5.0498
AMFR,ENSG00000159461,267,Q9UKV5,RING,RING,17.4867,45.1,Non-switched memory B-cell,B-cells,1.4421,0.6334,0.599,5.0482
RNF168,ENSG00000163961,165918,Q8IYW5,RING,RING,58.6433,131.6,basophil,granulocytes,1.2279,0.5735,0.4156,4.9653
RNF207,ENSG00000158286,388591,Q6ZRF8,RING,RING,0.7,3.9,non-classical monocyte,monocytes,2.5361,0.8488,1.5978,4.9355
KLHL3,ENSG00000146021,26249,Q9UH77,CRL3,CRL3 substrate receptor (BTB protein),5.24,16.2,naive CD8 T-cell,T-cells,1.7159,0.6999,1.7561,4.9288
TOR1AIP2,ENSG00000169905,163590,Q8NFQ8,CRL4,CRL4 substrate receptor (DDB1-binding protein),28.6667,68.8,neutrophil,granulocytes,1.3312,0.6034,0.3608,4.9205
HERC1,ENSG00000103657,8925,Q15751,HECT,HECT E3 ligase,67.1933,147.5,basophil,granulocytes,1.1938,0.5632,0.4789,4.8507
RNF111,ENSG00000157450,54778,Q6ZNA4,RING,RING,47.45,107.3,neutrophil,granulocytes,1.2395,0.577,0.4383,4.834
KLHL34,ENSG00000185915,257240,Q8N239,CRL3,CRL3 substrate receptor (BTB protein),0.63,3.6,naive CD4 T-cell,T-cells,2.5596,0.8534,1.7747,4.8095
DCAF13,ENSG00000164934,25879,Q9NV06,CRL4,CRL4 substrate receptor (DDB1-binding protein),84.6667,181.5,Plasmablast,B-cells,1.1572,0.5519,0.9136,4.7975
MID2,ENSG00000080561,11043,Q9UJV3,RING,RING,3.3933,11.3,naive CD4 T-cell,T-cells,1.8236,0.7238,2.5672,4.7791
ZYG11B,ENSG00000162378,79699,Q9C0D3,CRL2,CRL2 substrate receptor (BC-CUL2-box),10.94,29.2,neutrophil,granulocytes,1.4929,0.6469,0.4696,4.7481
FBXO40,ENSG00000163833,51725,Q9UH90,CRL1,CRL1 substrate receptor (F-box protein),0.7033,3.8,neutrophil,granulocytes,2.4852,0.843,0.8277,4.7411
NFX1,ENSG00000086102,4799,Q12986,RING,RING,66.8567,144.7,plasmacytoid DC,dendritic cells,1.1718,0.5565,0.4809,4.6867
LRR1,ENSG00000165501,122769,Q96L50,CRL2,"CRL2 substrate receptor (BC-CUL2-box), CRL5 substrate receptor (BC-CUL5-box)",14.0833,36.0,Plasmablast,B-cells,1.4268,0.6298,0.6289,4.6811
FBXW7,ENSG00000109670,55294,Q969H0,CRL1,CRL1 substrate receptor (F-box protein),27.3267,64.4,Plasmablast,B-cells,1.3026,0.5955,0.5433,4.6785
WIPI2,ENSG00000157954,26100,Q9Y4P8,CRL4,CRL4 substrate receptor (DDB1-binding protein),34.7767,79.8,neutrophil,granulocytes,1.2616,0.5837,0.3225,4.6658
FBXL2,ENSG00000153558,25827,Q9UKC9,CRL1,CRL1 substrate receptor (F-box protein),1.59,6.3,neutrophil,granulocytes,2.0668,0.7734,0.5683,4.5843
RABGEF1,ENSG00000154710,27342,Q9UJ41,atypical,Atypical E3 (A20-type zinc finger),41.2333,92.2,neutrophil,granulocytes,1.2217,0.5718,0.422,4.5706
SH3RF3,ENSG00000172985,344558,Q8TEJ3,RING,RING,0.43,2.8,naive CD8 T-cell,T-cells,2.6936,0.8756,1.5399,4.5426
TRIM27,ENSG00000204713,5987,P14373,RING,RING,26.1367,60.8,non-classical monocyte,monocytes,1.2821,0.5898,0.5481,4.4989
ANKFY1,ENSG00000185722,51479,Q9P2R3,CRL3,CRL3 substrate receptor (BTB protein),29.5567,67.8,neutrophil,granulocytes,1.2607,0.5835,0.5426,4.4905
FBXL3,ENSG00000005812,26224,Q9UKT7,CRL1,CRL1 substrate receptor (F-box protein),35.26,79.4,basophil,granulocytes,1.2323,0.5751,0.4339,4.4854
MAP3K1,ENSG00000095015,4214,Q13233,RING,RING,43.5867,96.0,non-classical monocyte,monocytes,1.1983,0.5648,1.0316,4.4668
FBXO7,ENSG00000100225,25793,Q9Y3I1,CRL1,CRL1 substrate receptor (F-box protein),216.95,423.5,Progenitor cell,Progenitors,1.0128,0.5045,0.496,4.4609
FBXO32,ENSG00000156804,114907,Q969P5,CRL1,CRL1 substrate receptor (F-box protein),8.0533,21.8,naive CD8 T-cell,T-cells,1.5119,0.6523,1.5872,4.4489
RNF214,ENSG00000167257,257160,Q8ND24,RING,RING,27.9467,64.1,Memory CD4 T-cell Th2,T-cells,1.2603,0.5835,0.7659,4.4303
FBXO16,ENSG00000214050,157574,Q8IX29,CRL1,CRL1 substrate receptor (F-box protein),2.41,8.3,Plasmablast,B-cells,1.8644,0.7341,1.1404,4.4034
KLHL32,ENSG00000186231,114792,Q96NJ5,CRL3,CRL3 substrate receptor (BTB protein),3.2467,10.4,naive CD4 T-cell,T-cells,1.76,0.7115,2.0418,4.3969
ARMC5,ENSG00000140691,79798,Q96C12,CRL3,CRL3 substrate receptor (BTB protein),18.5167,44.3,plasmacytoid DC,dendritic cells,1.3246,0.6021,0.6108,4.3874
NHLRC1,ENSG00000187566,378884,Q6VVB1,RING,RING,2.0867,7.4,myeloid DC,dendritic cells,1.9044,0.7428,1.0945,4.3432
RNFT1,ENSG00000189050,51136,Q5M7Z0,RING,RING,46.7033,100.6,basophil,granulocytes,1.1638,0.5542,0.3902,4.3003
TRIM34,ENSG00000258659,53840,Q9BYJ4,RING,RING,47.2,101.5,classical monocyte,monocytes,1.1613,0.5534,0.8303,4.2927
KCTD11,ENSG00000213859,147040,Q693B1,CRL3,CRL3 substrate receptor (BTB protein),10.5867,26.8,intermediate monocyte,monocytes,1.4093,0.6258,1.0939,4.231
PIAS3,ENSG00000131788,10401,Q9Y6X2,degenerate RING,"Degenerate RING (SP-RING), SUMO E3",30.16,67.2,plasmacytoid DC,dendritic cells,1.2154,0.5702,0.523,4.2217
CBLB,ENSG00000114423,868,Q13191,RING,RING,45.1733,96.5,MAIT T-cell,T-cells,1.1509,0.5502,1.071,4.1841
TRIM38,ENSG00000112343,10475,O00635,RING,RING,48.9633,103.6,neutrophil,granulocytes,1.1362,0.5456,0.6065,4.1585
VPS41,ENSG00000006715,27072,P49754,RING,RING,93.7767,187.6,neutrophil,granulocytes,1.0502,0.5174,0.455,4.1072
RNF32,ENSG00000105982,140545,Q9H0A6,RING,RING,3.0367,9.5,Non-switched memory B-cell,B-cells,1.7201,0.7038,1.2318,4.1069
BTBD9,ENSG00000183826,114781,Q96Q07,CRL3,CRL3 substrate receptor (BTB protein),23.33,51.7,basophil,granulocytes,1.2061,0.5677,0.6796,3.9162
FBXW9,ENSG00000132004,84261,Q5XUX1,CRL1,CRL1 substrate receptor (F-box protein),7.2033,18.5,Plasmablast,B-cells,1.4278,0.6317,1.3844,3.865
CBLL1,ENSG00000105879,79872,Q75N03,RING,RING,101.7567,197.6,Memory CD4 T-cell Th17,T-cells,1.0044,0.5018,0.5298,3.847
MARCHF11,ENSG00000183654,441061,A6NNE9,RING,RING,0.0367,1.1,Switched memory B-cell,B-cells,3.585,1.0,0.6435,3.8373
FBXO36,ENSG00000153832,130888,Q8NEA4,CRL1,CRL1 substrate receptor (F-box protein),2.4333,7.7,naive CD8 T-cell,T-cells,1.7298,0.7076,0.8619,3.8199
ITCH,ENSG00000078747,83737,Q96J02,HECT,HECT E3 ligase,47.78,97.8,neutrophil,granulocytes,1.0848,0.5291,0.5189,3.8033
ZYG11A,ENSG00000203995,440590,Q6WRX3,CRL2,CRL2 substrate receptor (BC-CUL2-box),1.4267,5.2,neutrophil,granulocytes,1.9241,0.7507,0.7676,3.802
FBXO15,ENSG00000141665,201456,Q8NCQ5,CRL1,CRL1 substrate receptor (F-box protein),0.48,2.6,T-reg,T-cells,2.4132,0.8435,1.4631,3.7617
RMND5B,ENSG00000145916,64777,Q96G75,degenerate RING,Degenerate RING,25.7933,55.5,Plasmablast,B-cells,1.1607,0.5537,0.6442,3.7407
RNF212,ENSG00000178222,285498,Q495C1,RING,RING,1.73,5.9,naive CD8 T-cell,T-cells,1.8312,0.7312,1.2164,3.7309
AMBRA1,ENSG00000110497,55626,Q9C0C7,CRL4,CRL4 substrate receptor (DDB1-binding protein),21.6067,47.2,basophil,granulocytes,1.1836,0.5609,0.4555,3.7119
WDSUB1,ENSG00000196151,151525,Q8N9V3,degenerate RING,Degenerate RING (U-box),27.73,58.9,naive B-cell,B-cells,1.1409,0.5475,0.8155,3.6878
UBE4B,ENSG00000130939,10277,O95155,degenerate RING,Degenerate RING (U-box),22.13,48.0,neutrophil,granulocytes,1.1726,0.5575,0.3187,3.6708
MARCHF5,ENSG00000198060,54708,Q9NX47,RING,RING,28.5033,60.2,neutrophil,granulocytes,1.1322,0.5447,0.2969,3.6603
RNF40,ENSG00000103549,9810,O75150,RING,RING,72.01,140.5,neutrophil,granulocytes,1.0114,0.5043,0.3358,3.6439
RLIM,ENSG00000131263,51132,Q9NVW2,RING,RING,29.05,61.1,neutrophil,granulocytes,1.1258,0.5426,0.4063,3.6388
FBXL19,ENSG00000099364,54620,Q6PCT2,CRL1,CRL1 substrate receptor (F-box protein),2.0233,6.5,Progenitor cell,Progenitors,1.745,0.7125,1.383,3.6141
RNF125,ENSG00000101695,54941,Q96EQ8,RING,RING,19.7267,42.8,basophil,granulocytes,1.1726,0.5577,1.0269,3.5659
SOCS5,ENSG00000171150,9655,O75159,CRL5,CRL5 substrate receptor (BC-box protein with CUL5 box),9.6533,22.8,Progenitor cell,Progenitors,1.3,0.5965,0.5568,3.5461
DCAF4L1,ENSG00000182308,285429,Q3SXM0,CRL4,CRL4 substrate receptor (DDB1-binding protein),0.89,3.6,neutrophil,granulocytes,2.0451,0.7787,0.9731,3.5062
RNF17,ENSG00000132972,56163,Q9BXT8,RING,RING,0.4933,2.5,Terminal effector memory CD8 T-cell,T-cells,2.3105,0.8303,1.3429,3.4674
WSB2,ENSG00000176871,55884,Q9NYS7,CRL5,CRL5 substrate receptor (BC-box protein with CUL5 box),13.0833,29.4,neutrophil,granulocytes,1.2249,0.5741,0.6425,3.4643
RNF43,ENSG00000108375,54894,Q68DV7,RING,RING,4.0,10.7,NK-cell,NK-cells,1.481,0.6478,1.0231,3.4042
MEX3A,ENSG00000254726,92312,A1L020,RING,RING,0.0367,1.0,Progenitor cell,Progenitors,3.4105,0.9966,0.6404,3.3988
FBXO27,ENSG00000161243,126433,Q8NI29,CRL1,CRL1 substrate receptor (F-box protein),8.7567,20.5,neutrophil,granulocytes,1.2853,0.5926,0.5019,3.3714
DCAF5,ENSG00000139990,8816,Q96JK2,CRL4,CRL4 substrate receptor (DDB1-binding protein),83.1067,155.6,Terminal effector memory CD4 T-cell,T-cells,0.948,0.482,0.7599,3.3312
RFPL1,ENSG00000128250,5988,O75677,RING,RING,0.5167,2.5,non-classical monocyte,monocytes,2.2455,0.8207,1.4457,3.3308
SPSB1,ENSG00000171621,80176,Q96BD6,CRL5,CRL5 substrate receptor (BC-box protein with CUL5 box),2.0367,6.2,basophil,granulocytes,1.6603,0.6947,1.5947,3.2848
HERC6,ENSG00000138642,55008,Q8IVU3,HECT,HECT E3 ligase,37.0533,73.2,neutrophil,granulocytes,1.0296,0.5108,0.844,3.2678
NEDD4L,ENSG00000049759,23327,Q96PU5,HECT,HECT E3 ligase,1.83,5.7,Switched memory B-cell,B-cells,1.6908,0.7024,1.0967,3.2589
KCTD3,ENSG00000136636,51133,Q9Y597,CRL3,CRL3 substrate receptor (BTB protein),4.3,11.1,Progenitor cell,Progenitors,1.4269,0.6337,0.5987,3.2527
KLHL28,ENSG00000179454,54813,Q9NXS3,CRL3,CRL3 substrate receptor (BTB protein),91.5633,168.5,MAIT T-cell,T-cells,0.9216,0.4723,0.5591,3.2234
SCAF11,ENSG00000139218,9169,Q99590,RING,RING,126.9733,228.9,neutrophil,granulocytes,0.8902,0.4606,0.3142,3.2167
HECW1,ENSG00000002746,23072,Q76N89,HECT,HECT E3 ligase,6.3667,15.3,neutrophil,granulocytes,1.3223,0.604,0.5374,3.216
DCAF4,ENSG00000119599,26094,Q8WV16,CRL4,CRL4 substrate receptor (DDB1-binding protein),16.0867,34.2,naive B-cell,B-cells,1.1402,0.5479,0.8119,3.2094
MSL2,ENSG00000174579,55167,Q9HCI7,RING,RING,39.2967,76.6,neutrophil,granulocytes,1.009,0.5038,0.5383,3.1913
KLHL10,ENSG00000161594,317719,Q6JEL2,CRL3,CRL3 substrate receptor (BTB protein),0.1633,1.4,Vd2 gdTCR,T-cells,2.7649,0.9138,1.1942,3.1911
KCTD13,ENSG00000174943,253980,Q8WZ19,CRL3,CRL3 substrate receptor (BTB protein),20.78,42.9,neutrophil,granulocytes,1.0959,0.5334,0.3166,3.1894
PELI3,ENSG00000174516,246330,Q8N2H9,degenerate RING,Degenerate RING,3.88,10.1,non-classical monocyte,monocytes,1.4376,0.6371,0.9394,3.1804
BARD1,ENSG00000138376,580,Q99728,RING,RING,10.5233,23.4,Plasmablast,B-cells,1.207,0.5693,1.0855,3.1668
KLHL15,ENSG00000174010,80311,Q96M94,CRL3,CRL3 substrate receptor (BTB protein),7.75,17.9,non-classical monocyte,monocytes,1.263,0.5866,0.6077,3.1416
TRIM47,ENSG00000132481,91107,Q96LD4,RING,RING,1.5333,4.9,Memory CD4 T-cell TFH,T-cells,1.7205,0.7108,1.5275,3.1314
DET1,ENSG00000140543,55070,Q7L5Y6,CRL4,CRL4 substrate receptor (DDB1-binding protein),3.6333,9.5,myeloid DC,dendritic cells,1.4429,0.6388,0.887,3.1271
ANAPC11,ENSG00000141552,51529,Q9NYG5,degenerate RING,Degenerate RING,36.32,70.7,plasmacytoid DC,dendritic cells,1.0068,0.503,0.4129,3.1217
ASB14,ENSG00000239388,142686,A6NK59,CRL5,CRL5 substrate receptor (BC-box protein with CUL5 box),1.6267,5.1,naive B-cell,B-cells,1.6942,0.7045,0.8132,3.114
FBXO46,ENSG00000177051,23403,Q6PJ61,CRL1,CRL1 substrate receptor (F-box protein),11.5633,25.2,naive CD4 T-cell,T-cells,1.1765,0.5598,0.5739,3.1031
TRIM24,ENSG00000122779,8805,O15164,RING,RING,8.08,18.4,Progenitor cell,Progenitors,1.2415,0.5802,0.4778,3.0816
VPS18,ENSG00000104142,57617,Q9P253,RING,RING,30.8133,60.5,neutrophil,granulocytes,1.0197,0.5076,0.4721,3.0758
MDM4,ENSG00000198625,4194,O15151,RING,RING,113.6067,203.1,naive B-cell,B-cells,0.8773,0.4558,0.3686,3.0684
RNF227,ENSG00000179859,284023,A6NIN4,RING,RING,11.05,24.1,basophil,granulocytes,1.1774,0.5602,0.7275,3.0666
CGRRF1,ENSG00000100532,10668,Q99675,RING,RING,31.9,62.3,basophil,granulocytes,1.0115,0.5048,0.3664,3.0555
FBXL18,ENSG00000155034,80028,Q96ME1,CRL1,CRL1 substrate receptor (F-box protein),10.4433,22.9,neutrophil,granulocytes,1.1853,0.5627,0.3592,3.0541
ASB18,ENSG00000182177,401036,Q6ZVZ8,CRL5,CRL5 substrate receptor (BC-box protein with CUL5 box),0.3133,1.8,neutrophil,granulocytes,2.3917,0.8544,0.6849,3.0354
ATG16L1,ENSG00000085978,55054,Q676U5,CRL4,CRL4 substrate receptor (DDB1-binding protein),11.92,25.6,Terminal effector memory CD4 T-cell,T-cells,1.1541,0.5528,0.6308,3.0198
TRIM11,ENSG00000154370,81559,Q96F44,RING,RING,37.4667,71.9,neutrophil,granulocytes,0.9849,0.4954,0.3724,3.0192
RNF38,ENSG00000137075,152006,Q9H0F5,RING,RING,46.82,88.1,neutrophil,granulocytes,0.955,0.4847,0.3488,2.9985
UBE2O,ENSG00000175931,63893,Q9C0C9,atypical,Atypical E3 (E2/E3 hybrid),11.8533,25.4,naive B-cell,B-cells,1.1506,0.5517,0.4796,2.9979
KCTD17,ENSG00000100379,79734,Q8N5Z5,CRL3,CRL3 substrate receptor (BTB protein),3.1067,8.2,myeloid DC,dendritic cells,1.4533,0.6426,1.2691,2.9898
FBXL16,ENSG00000127585,146330,Q8N461,CRL1,CRL1 substrate receptor (F-box protein),0.74,2.9,naive CD4 T-cell,T-cells,1.9705,0.7705,1.7276,2.9811
LRRC42,ENSG00000116212,115353,Q9Y546,CRL2,CRL2 substrate receptor (BC-CUL2-box),12.3167,26.2,Plasmablast,B-cells,1.1395,0.5482,0.5475,2.9768
DZIP3,ENSG00000198919,9666,Q86Y13,RING,RING,25.03,49.4,Memory CD4 T-cell TFH,T-cells,1.0271,0.5103,1.03,2.9643
ASB7,ENSG00000183475,140460,Q9H672,CRL5,CRL5 substrate receptor (BC-box protein with CUL5 box),22.9367,45.6,neutrophil,granulocytes,1.0381,0.5141,0.3512,2.9579
TRAIP,ENSG00000183763,10293,Q9BWF2,RING,RING,3.5667,9.1,Plasmablast,B-cells,1.4043,0.629,0.7529,2.947
XIAP,ENSG00000101966,331,P98170,RING,RING,36.86,70.2,basophil,granulocytes,0.9731,0.4913,0.4309,2.9422
WDR1,ENSG00000071127,9948,O75083,CRL4,CRL4 substrate receptor (DDB1-binding protein),340.1233,567.7,plasmacytoid DC,dendritic cells,0.7726,0.4147,0.4641,2.932
HECTD4,ENSG00000173064,283450,Q9Y4D8,HECT,HECT E3 ligase,3.8233,9.6,naive B-cell,B-cells,1.3811,0.6225,0.4515,2.9281
FBXO25,ENSG00000147364,26260,Q8TCJ0,CRL1,CRL1 substrate receptor (F-box protein),20.37,40.6,Plasmablast,B-cells,1.0415,0.5155,0.882,2.8876
RAB40B,ENSG00000141542,10966,Q12829,CRL5,CRL5 substrate receptor (BC-box protein with CUL5 box),2.6033,7.0,plasmacytoid DC,dendritic cells,1.4763,0.6498,0.6965,2.8778
MARCHF9,ENSG00000139266,92979,Q86YJ5,RING,RING,11.33,24.0,Switched memory B-cell,B-cells,1.1324,0.5461,1.7062,2.872
SMURF2,ENSG00000108854,64750,Q9HAU4,HECT,HECT E3 ligase,7.7333,17.2,Terminal effector memory CD4 T-cell,T-cells,1.2045,0.5694,0.5811,2.8706
LRRC41,ENSG00000132128,10489,Q15345,CRL5,CRL5 substrate receptor (BC-box protein with CUL5 box),65.4267,118.2,Progenitor cell,Progenitors,0.8929,0.4619,0.6904,2.8445
DTX1,ENSG00000135144,1840,Q86Y01,RING,RING,0.0733,1.0,naive B-cell,B-cells,2.9599,0.9586,0.8684,2.8374
MED8,ENSG00000159479,112950,Q96G25,CRL2,CRL2 substrate receptor (BC-CUL2-box),50.39,92.4,Plasmablast,B-cells,0.9155,0.4703,0.3759,2.8182
RNF138,ENSG00000134758,51444,Q8WVD3,RING,RING,128.46,221.7,naive CD8 T-cell,T-cells,0.8234,0.4351,0.4038,2.7937
FBXL6,ENSG00000182325,26233,Q8N531,CRL1,CRL1 substrate receptor (F-box protein),0.5033,2.2,Plasmablast,B-cells,2.0778,0.7978,1.148,2.7817
WDR70,ENSG00000082068,55100,Q9NW82,CRL4,CRL4 substrate receptor (DDB1-binding protein),25.8367,49.7,plasmacytoid DC,dendritic cells,0.9877,0.4967,0.6435,2.7786
TRIM3,ENSG00000110171,10612,O75382,RING,RING,3.74,9.2,classical monocyte,monocytes,1.3487,0.6139,0.9712,2.7742
DCAF6,ENSG00000143164,55827,Q58WW2,CRL4,CRL4 substrate receptor (DDB1-binding protein),24.3867,47.1,plasmacytoid DC,dendritic cells,0.9937,0.4989,0.3343,2.7701
BTBD8,ENSG00000189195,284697,Q5XKL5,CRL3,CRL3 substrate receptor (BTB protein),1.8233,5.2,naive CD4 T-cell,T-cells,1.5525,0.6718,1.2439,2.7451
FBXO48,ENSG00000204923,554251,Q5FWF7,CRL1,CRL1 substrate receptor (F-box protein),4.02,9.7,basophil,granulocytes,1.3204,0.6058,0.5191,2.7351
CNOT4,ENSG00000080802,4850,O95628,RING,RING,45.1067,82.5,basophil,granulocytes,0.9114,0.4689,0.3427,2.7279
TRAF6,ENSG00000175104,7189,Q9Y4K3,RING,RING,36.2867,67.3,basophil,granulocytes,0.9324,0.4767,0.3697,2.7086
ASB3,ENSG00000115239,51130,Q9Y575,CRL5,CRL5 substrate receptor (BC-box protein with CUL5 box),58.1767,104.2,Plasmablast,B-cells,0.8796,0.4569,0.2971,2.6995
ZC3HC1,ENSG00000091732,51530,Q86WB0,CRL1,CRL1 substrate receptor (F-box protein),19.22,37.6,Plasmablast,B-cells,1.0126,0.5057,0.892,2.6988
TRIM72,ENSG00000177238,493829,Q6ZMU5,RING,RING,2.0333,5.6,neutrophil,granulocytes,1.5035,0.6589,0.3892,2.6969
RBX1,ENSG00000100387,9978,P62877,degenerate RING,"Degenerate RING, Ubl E3",36.95,68.3,plasmacytoid DC,dendritic cells,0.9272,0.4748,0.3633,2.6922
DCAF12L2,ENSG00000198354,340578,Q5VW00,CRL4,CRL4 substrate receptor (DDB1-binding protein),0.0267,0.8,naive CD8 T-cell,T-cells,3.1699,1.0,0.569,2.6881
UHRF2,ENSG00000147854,115426,Q96PU4,RING,RING,10.6967,22.2,basophil,granulocytes,1.1005,0.536,0.5316,2.6758
RNF34,ENSG00000170633,80196,Q969K3,RING,RING,83.4467,145.6,Plasmablast,B-cells,0.8398,0.4416,0.3791,2.6687
UFL1,ENSG00000014123,23376,O94874,atypical,"Atypical E3 (catalytic site formed from multiple interfaces), Ubl E3",37.8767,69.6,Plasmablast,B-cells,0.9182,0.4715,0.6481,2.659
KCTD9,ENSG00000104756,54793,Q7L273,CRL3,CRL3 substrate receptor (BTB protein),13.69,27.5,basophil,granulocytes,1.0517,0.5195,0.4923,2.6406
RASD2,ENSG00000100302,23551,Q96D21,atypical,"Atypical E3, SUMO E3",0.19,1.3,Non-Vd2 gdTCR,T-cells,2.4755,0.8833,1.1495,2.6275
FBXO4,ENSG00000151876,26272,Q9UKT5,CRL1,CRL1 substrate receptor (F-box protein),20.8367,40.0,Plasmablast,B-cells,0.9838,0.4956,1.2928,2.6123
TRIM56,ENSG00000169871,81844,Q9BRZ2,RING,RING,16.7,32.7,neutrophil,granulocytes,1.0134,0.5062,0.3396,2.6031
RNF14,ENSG00000013561,9604,Q9UBS8,RBR,RING-between-RING,55.9767,99.1,plasmacytoid DC,dendritic cells,0.8617,0.4502,0.4329,2.5777
KCTD7,ENSG00000243335,154881,Q96MP8,CRL3,CRL3 substrate receptor (BTB protein),37.4633,68.2,Memory CD4 T-cell Th17,T-cells,0.9039,0.4662,0.7352,2.5759
PJA1,ENSG00000181191,64219,Q8NG27,RING,RING,29.44,54.6,MAIT T-cell,T-cells,0.9319,0.4767,0.9847,2.5752
ZSWIM4,ENSG00000132003,65249,Q9H7M6,CRL2,CRL2 substrate receptor (BC-CUL2-box),0.5467,2.2,myeloid DC,dendritic cells,1.9637,0.7774,0.8167,2.5618
NRBP1,ENSG00000115216,29959,Q9UHY1,CRL2,CRL2 substrate receptor (BC-CUL2-box),216.25,354.9,neutrophil,granulocytes,0.7467,0.4041,0.3698,2.5576
KCTD20,ENSG00000112078,222658,Q7Z5Y7,CRL3,CRL3 substrate receptor (BTB protein),65.15,113.9,plasmacytoid DC,dendritic cells,0.8426,0.4428,0.3264,2.5535
KLHL22,ENSG00000099910,84861,Q53GT1,CRL3,CRL3 substrate receptor (BTB protein),42.16,75.7,myeloid DC,dendritic cells,0.8829,0.4583,0.476,2.5338
FBXO24,ENSG00000106336,26261,O75426,CRL1,CRL1 substrate receptor (F-box protein),1.45,4.2,naive CD8 T-cell,T-cells,1.5631,0.6773,0.986,2.5183
ZSWIM5,ENSG00000162415,57643,Q9P217,CRL2,CRL2 substrate receptor (BC-CUL2-box),0.9467,3.1,Central memory CD8 T-cell,T-cells,1.7184,0.7186,1.7203,2.5136
HECTD3,ENSG00000126107,79654,Q5T447,HECT,HECT E3 ligase,49.1833,86.9,Plasmablast,B-cells,0.8585,0.449,0.3727,2.4892
KDM2A,ENSG00000173120,22992,Q9Y2K7,CRL1,CRL1 substrate receptor (F-box protein),38.6867,69.5,Central memory CD8 T-cell,T-cells,0.8836,0.4586,0.7406,2.4881
FBXO2,ENSG00000116661,26232,Q9UK22,CRL1,CRL1 substrate receptor (F-box protein),0.48,2.0,MAIT T-cell,T-cells,1.9929,0.7862,1.5585,2.4834
RNF19A,ENSG00000034677,25897,Q9NV58,RBR,RING-between-RING,136.7767,226.9,Terminal effector memory CD8 T-cell,T-cells,0.7629,0.4109,0.6342,2.4553
ZMIZ2,ENSG00000122515,83637,Q8NF64,degenerate RING,"Degenerate RING (SP-RING), SUMO E3",10.9933,21.9,myeloid DC,dendritic cells,1.0376,0.5152,0.5484,2.4147
PEX10,ENSG00000157911,5192,O60683,RING,RING,12.2667,24.1,Progenitor cell,Progenitors,1.017,0.5079,0.6167,2.4018
TRIM59,ENSG00000213186,286827,Q8IWR1,RING,RING,32.09,57.8,T-reg,T-cells,0.8872,0.4601,0.8302,2.3997
TRIM32,ENSG00000119401,22954,Q13049,RING,RING,13.95,27.0,Memory CD4 T-cell TFH,T-cells,0.9947,0.5,1.6841,2.3909
LRRC28,ENSG00000168904,123355,Q86X40,CRL2,"CRL2 substrate receptor (BC-CUL2-box), CRL5 substrate receptor (BC-CUL5-box)",19.6933,36.8,basophil,granulocytes,0.9423,0.4809,0.3272,2.3745
RAB40A,ENSG00000172476,142684,Q8WXH6,CRL5,CRL5 substrate receptor (BC-box protein with CUL5 box),0.38,1.7,Progenitor cell,Progenitors,2.0506,0.8032,1.0166,2.3603
RAPSN,ENSG00000165917,5913,Q13702,RING,RING,0.95,3.0,neutrophil,granulocytes,1.6624,0.7069,0.6459,2.3503
IPP,ENSG00000197429,3652,Q9Y573,CRL3,CRL3 substrate receptor (BTB protein),16.1333,30.6,Non-Vd2 gdTCR,T-cells,0.9643,0.4891,0.9801,2.3495
ZFPL1,ENSG00000162300,7542,O95159,RING,RING,21.87,40.3,basophil,granulocytes,0.9212,0.4731,0.4161,2.3394
RNF187,ENSG00000168159,149603,Q5TA31,RING,RING,1.0933,3.3,Plasmablast,B-cells,1.6056,0.6917,0.6493,2.3372
RNF114,ENSG00000124226,55905,Q9Y508,RING,RING,101.69,169.0,non-classical monocyte,monocytes,0.7656,0.412,0.3271,2.3371
RNF180,ENSG00000164197,285671,Q86T96,RING,RING,2.3733,5.9,naive B-cell,B-cells,1.3512,0.6184,1.0296,2.3283
MIB2,ENSG00000197530,142678,Q96AX9,RING,RING,3.05,7.2,plasmacytoid DC,dendritic cells,1.2796,0.5963,0.8019,2.3162
KLHL42,ENSG00000087448,57542,Q9P2K6,CRL3,CRL3 substrate receptor (BTB protein),11.41,22.3,naive CD4 T-cell,T-cells,1.0085,0.5052,0.9782,2.3141
MIB1,ENSG00000101752,57534,Q86YT6,RING,RING,5.4133,11.6,Terminal effector memory CD4 T-cell,T-cells,1.1424,0.5517,0.5377,2.304
HERC2,ENSG00000128731,8924,O95714,HECT,HECT E3 ligase,3.38,7.8,Plasmablast,B-cells,1.2474,0.5862,0.7505,2.2942
FBXW4,ENSG00000107829,6468,P57775,CRL1,CRL1 substrate receptor (F-box protein),21.92,40.1,Switched memory B-cell,B-cells,0.91,0.469,0.8807,2.2882
RFPL3,ENSG00000128276,10738,O75679,RING,RING,0.6533,2.3,naive CD8 T-cell,T-cells,1.7847,0.7406,1.0475,2.2768
DCAF15,ENSG00000132017,90379,Q66K64,CRL4,CRL4 substrate receptor (DDB1-binding protein),3.29,7.6,neutrophil,granulocytes,1.2483,0.5867,0.5765,2.2733
PHF7,ENSG00000010318,51533,Q9BWX1,RING,RING,4.38,9.6,Progenitor cell,Progenitors,1.1736,0.5625,0.7492,2.2486
FBXO44,ENSG00000132879,93611,Q9H4M3,CRL1,CRL1 substrate receptor (F-box protein),54.17,92.3,NK-cell,NK-cells,0.8031,0.4274,1.0645,2.2459
SIAH2,ENSG00000181788,6478,O43255,RING,RING,19.7767,36.2,Plasmablast,B-cells,0.9106,0.4693,0.5085,2.2297
PHIP,ENSG00000146247,55023,Q8WWQ0,CRL4,CRL4 substrate receptor (DDB1-binding protein),25.02,44.9,neutrophil,granulocytes,0.881,0.458,0.2818,2.2276
TTC3,ENSG00000182670,7267,P53804,RING,RING,76.29,127.0,naive CD8 T-cell,T-cells,0.7679,0.4131,0.8916,2.2204
FBXW11,ENSG00000072803,23291,Q9UKB1,CRL1,CRL1 substrate receptor (F-box protein),52.9967,90.1,plasmacytoid DC,dendritic cells,0.7997,0.426,0.3411,2.2176
RAD18,ENSG00000070950,56852,Q9NS91,RING,RING,10.0367,19.6,plasmacytoid DC,dendritic cells,1.0063,0.5048,0.6081,2.217
TRIM35,ENSG00000104228,23087,Q9UPQ4,RING,RING,24.96,44.7,Memory CD4 T-cell Th17,T-cells,0.8778,0.4568,0.8471,2.2113
KLHL25,ENSG00000183655,64410,Q9H0H3,CRL3,CRL3 substrate receptor (BTB protein),2.2967,5.6,naive CD4 T-cell,T-cells,1.3202,0.6102,1.2606,2.1932
FBXW5,ENSG00000159069,54461,Q969U6,CRL1,"CRL1 substrate receptor (F-box protein), CRL4 substrate receptor (DDB1-binding protein)",98.9767,161.9,Effector memory CD8 T-cell,T-cells,0.7413,0.4021,0.5963,2.1901
SPOP,ENSG00000121067,8405,O43791,CRL3,CRL3 substrate receptor (BTB protein),103.5033,168.7,neutrophil,granulocytes,0.7359,0.3998,0.2424,2.1791
TMEM129,ENSG00000168936,92305,A0AVI4,RING,RING,16.5267,30.5,plasmacytoid DC,dendritic cells,0.9225,0.4739,0.5049,2.176
RNF41,ENSG00000181852,10193,Q9H4P4,RING,RING,77.3,127.8,Non-switched memory B-cell,B-cells,0.7574,0.4088,0.4092,2.1701
BMI1,ENSG00000168283,648,P35226,RING,RING,28.9267,50.9,Terminal effector memory CD4 T-cell,T-cells,0.8513,0.4466,0.7246,2.1661
ARIH2,ENSG00000177479,10425,O95376,RBR,RING-between-RING,89.3633,146.3,NK-cell,NK-cells,0.7426,0.4026,0.3539,2.1532
LRRC14,ENSG00000160959,9684,Q15048,CRL2,CRL2 substrate receptor (BC-CUL2-box),23.3733,41.6,Terminal effector memory CD4 T-cell,T-cells,0.8682,0.4532,0.5434,2.1299
RNF113A,ENSG00000125352,7737,O15541,RING,RING,60.1333,100.3,Plasmablast,B-cells,0.7707,0.4143,0.3759,2.1272
BTBD17,ENSG00000204347,388419,A6NE02,CRL3,CRL3 substrate receptor (BTB protein),0.1033,0.9,Effector memory CD8 T-cell,T-cells,2.5075,0.9157,0.98,2.1262
FBXO22,ENSG00000167196,26263,Q8NEZ5,CRL1,CRL1 substrate receptor (F-box protein),13.29,24.8,Plasmablast,B-cells,0.9384,0.4801,0.387,2.1127
PAFAH1B1,ENSG00000007168,5048,P43034,CRL4,CRL4 substrate receptor (DDB1-binding protein),17.2567,31.4,Terminal effector memory CD4 T-cell,T-cells,0.901,0.466,0.4517,2.1066
KBTBD3,ENSG00000182359,143879,Q8NAB2,CRL3,CRL3 substrate receptor (BTB protein),3.0967,7.0,basophil,granulocytes,1.2133,0.5768,0.6065,2.0997
PHRF1,ENSG00000070047,57661,Q9P1Y6,RING,RING,2.09,5.1,intermediate monocyte,monocytes,1.3176,0.6105,1.1227,2.0987
KLHDC2,ENSG00000165516,23588,Q9Y2U9,CRL2,"CRL2 substrate receptor (BC-CUL2-box), CRL5 substrate receptor (BC-CUL5-box)",18.94,34.1,Plasmablast,B-cells,0.8851,0.4599,0.3691,2.0897
RNF2,ENSG00000121481,6045,Q99496,RING,RING,61.7333,101.9,basophil,granulocytes,0.7548,0.4078,0.3258,2.0576
SIAH1,ENSG00000196470,6477,Q8IUQ4,RING,RING,15.8233,28.8,Progenitor cell,Progenitors,0.901,0.4661,0.5372,2.0568
RNF215,ENSG00000099999,200312,Q9Y6U7,RING,RING,9.3933,18.0,naive CD4 T-cell,T-cells,0.9768,0.4946,0.6692,2.0525
ASB1,ENSG00000065802,51665,Q9Y576,CRL5,CRL5 substrate receptor (BC-box protein with CUL5 box),7.1033,14.0,Terminal effector memory CD4 T-cell,T-cells,1.0174,0.5096,0.8212,2.0256
PCMTD2,ENSG00000203880,55251,Q9NV79,CRL2,"CRL2 substrate receptor (BC-CUL2-box), CRL5 substrate receptor (BC-CUL5-box)",103.98,166.3,naive CD4 T-cell,T-cells,0.7071,0.3877,0.4257,2.0246
RNF216,ENSG00000011275,54476,Q9NWF9,RBR,RING-between-RING,45.18,75.6,naive CD8 T-cell,T-cells,0.7752,0.4163,0.4498,2.0198
ASB15,ENSG00000146809,142685,Q8WXK1,CRL5,CRL5 substrate receptor (BC-box protein with CUL5 box),1.2067,3.3,T-reg,T-cells,1.4616,0.6562,1.1244,2.0184
FBXO41,ENSG00000163013,150726,Q8TF61,CRL1,CRL1 substrate receptor (F-box protein),6.09,12.2,plasmacytoid DC,dendritic cells,1.0406,0.5181,1.2307,2.0069
NSMCE1,ENSG00000169189,197370,Q8WV22,RING,RING,57.4267,94.2,Memory CD4 T-cell Th2,T-cells,0.7452,0.4038,0.5178,1.978
HERC4,ENSG00000148634,26091,Q5GLZ8,HECT,HECT E3 ligase,38.9267,65.2,neutrophil,granulocytes,0.7765,0.4169,0.3125,1.958
PEX2,ENSG00000164751,5828,P28328,RING,RING,87.4133,139.8,basophil,granulocytes,0.7069,0.3876,0.2898,1.9559
ERCC8,ENSG00000049167,1161,Q13216,CRL4,CRL4 substrate receptor (DDB1-binding protein),9.27,17.5,Plasmablast,B-cells,0.9538,0.4865,0.5395,1.9533
RNF183,ENSG00000165188,138065,Q96D59,RING,RING,0.05,0.7,naive CD4 T-cell,T-cells,2.6485,0.9606,0.7546,1.9476
NEURL3,ENSG00000163121,93082,Q96EH8,RING,RING,0.1233,0.9,total PBMC,total PBMC,2.347,0.8927,1.0185,1.9402
MKRN3,ENSG00000179455,7681,Q13064,RING,RING,4.0567,8.5,naive CD8 T-cell,T-cells,1.1031,0.5408,0.7678,1.9375
RNF113B,ENSG00000139797,140432,Q8IZP6,RING,RING,0.4167,1.6,neutrophil,granulocytes,1.8369,0.7651,1.1697,1.9374
FBXL14,ENSG00000171823,144699,Q8N1E6,CRL1,CRL1 substrate receptor (F-box protein),1.0367,2.9,Effector memory CD8 T-cell,T-cells,1.4841,0.6647,0.7509,1.9369
SPSB2,ENSG00000111671,84727,Q99619,CRL5,CRL5 substrate receptor (BC-box protein with CUL5 box),39.91,66.4,plasmacytoid DC,dendritic cells,0.7663,0.4127,0.3884,1.9212
RNF223,ENSG00000237330,401934,E7ERA6,RING,RING,0.38,1.5,neutrophil,granulocytes,1.858,0.7724,0.696,1.8971
ZNF451,ENSG00000112200,26036,Q9Y4E5,atypical,"Atypical E3 (SIM and PLRP motif), SUMO E3",70.6433,113.1,basophil,granulocytes,0.7084,0.3883,0.3999,1.88
KLHL6,ENSG00000172578,89857,Q8WZ60,CRL3,CRL3 substrate receptor (BTB protein),6.67,12.9,Plasmablast,B-cells,0.9878,0.4996,0.6918,1.8739
TRIM23,ENSG00000113595,373,P36406,RING,RING,19.88,34.5,neutrophil,granulocytes,0.8291,0.4384,0.5237,1.8717
TRIM73,ENSG00000178809,375593,Q86UV7,RING,RING,16.5867,29.2,naive CD8 T-cell,T-cells,0.8503,0.4469,1.294,1.8681
PIAS4,ENSG00000105229,51588,Q8N2W9,degenerate RING,"Degenerate RING (SP-RING), SUMO E3",12.1033,21.9,Plasmablast,B-cells,0.8907,0.4628,0.3608,1.862
DCST1,ENSG00000163357,149095,Q5T197,RING,RING,0.2133,1.1,Switched memory B-cell,B-cells,2.0854,0.8339,1.0569,1.8613
WWP1,ENSG00000123124,11059,Q9H0M0,HECT,HECT E3 ligase,61.8833,99.5,naive CD4 T-cell,T-cells,0.7148,0.3911,0.6835,1.8593
PWP1,ENSG00000136045,11137,Q13610,CRL4,CRL4 substrate receptor (DDB1-binding protein),100.8533,158.0,Plasmablast,B-cells,0.6756,0.3742,0.5558,1.8485
KCTD6,ENSG00000168301,200845,Q8NC69,CRL3,CRL3 substrate receptor (BTB protein),25.4467,43.1,myeloid DC,dendritic cells,0.7927,0.4237,0.4563,1.8348
PCGF2,ENSG00000277258,7703,P35227,RING,RING,0.26,1.2,basophil,granulocytes,1.9886,0.8103,1.1243,1.833
RNF112,ENSG00000128482,7732,Q9ULX5,RING,RING,0.1767,1.0,neutrophil,granulocytes,2.1475,0.8517,1.041,1.8291
TRIM28,ENSG00000130726,10155,Q13263,RING,"RING, SUMO E3",31.6067,52.6,myeloid DC,dendritic cells,0.7663,0.4129,0.4356,1.8175
KBTBD12,ENSG00000187715,166348,Q3ZCT8,CRL3,CRL3 substrate receptor (BTB protein),0.3067,1.3,neutrophil,granulocytes,1.9104,0.7905,0.7327,1.8146
DDB2,ENSG00000134574,1643,Q92466,CRL4,CRL4 substrate receptor (DDB1-binding protein),20.2933,34.8,NK-cell,NK-cells,0.811,0.4312,1.3343,1.8052
LNX1,ENSG00000072201,84708,Q8TBB1,RING,RING,0.0633,0.7,Exhausted memory B-cell,B-cells,2.5004,0.9409,0.8184,1.801
FBXW2,ENSG00000119402,26190,Q9UKT8,CRL1,CRL1 substrate receptor (F-box protein),22.0333,37.5,basophil,granulocytes,0.7997,0.4267,0.2998,1.7971
ELOA,ENSG00000011007,6924,Q14241,CRL5,CRL5 substrate receptor (BC-box protein with CUL5 box),32.9967,54.4,Switched memory B-cell,B-cells,0.7521,0.407,0.4883,1.773
DCAF7,ENSG00000136485,10238,P61962,CRL4,CRL4 substrate receptor (DDB1-binding protein),94.7933,147.1,non-classical monocyte,monocytes,0.6611,0.3678,0.3448,1.7534
STUB1,ENSG00000103266,10273,Q9UNE7,degenerate RING,Degenerate RING (U-box),19.4,33.0,Plasmablast,B-cells,0.7985,0.4263,0.3712,1.7319
KLHL36,ENSG00000135686,79786,Q8N4N3,CRL3,CRL3 substrate receptor (BTB protein),19.73,33.5,naive CD4 T-cell,T-cells,0.7957,0.4252,0.408,1.7285
FBXO3,ENSG00000110429,26273,Q9UK99,CRL1,CRL1 substrate receptor (F-box protein),52.6967,83.9,Memory CD4 T-cell TFH,T-cells,0.6996,0.3847,0.4368,1.7248
ASB12,ENSG00000198881,142689,Q8WXK4,CRL5,CRL5 substrate receptor (BC-box protein with CUL5 box),0.4633,1.6,naive CD4 T-cell,T-cells,1.6975,0.7349,1.4867,1.7197
KEAP1,ENSG00000079999,9817,Q14145,CRL3,CRL3 substrate receptor (BTB protein),65.0767,102.0,Plasmablast,B-cells,0.676,0.3745,0.6633,1.6927
DDRGK1,ENSG00000198171,65992,Q96HY6,atypical,"Atypical E3 (catalytic site formed from multiple interfaces), Ubl E3",38.9,62.6,T-reg,T-cells,0.7155,0.3916,0.3678,1.6789
RNF212B,ENSG00000215277,100507650,A8MTL3,RING,RING,0.04,0.6,Memory CD4 T-cell Th2,T-cells,2.5361,0.9655,0.688,1.6603
LRSAM1,ENSG00000148356,90678,Q6UWE0,RING,RING,6.3733,11.9,myeloid DC,dendritic cells,0.9336,0.4804,0.9168,1.6547
FBXL22,ENSG00000197361,283807,Q6P050,CRL1,CRL1 substrate receptor (F-box protein),1.2567,3.1,naive CD8 T-cell,T-cells,1.3072,0.6151,0.644,1.6369
KLHDC1,ENSG00000197776,122773,Q8N7A1,CRL2,"CRL2 substrate receptor (BC-CUL2-box), CRL5 substrate receptor (BC-CUL5-box)",5.9167,11.1,naive CD8 T-cell,T-cells,0.94,0.4831,0.9964,1.6333
DCAF10,ENSG00000122741,79269,Q5QP82,CRL4,CRL4 substrate receptor (DDB1-binding protein),7.02,12.9,neutrophil,granulocytes,0.9102,0.4715,0.2847,1.6297
TRIM13,ENSG00000204977,10206,O60858,RING,RING,51.1833,80.5,plasmacytoid DC,dendritic cells,0.681,0.3767,0.3203,1.6289
TRIM61,ENSG00000183439,391712,Q5EBN2,RING,RING,10.94,19.2,naive CD8 T-cell,T-cells,0.8436,0.445,0.9285,1.6279
FBXO17,ENSG00000269190,115290,Q96EF6,CRL1,CRL1 substrate receptor (F-box protein),0.5833,1.8,neutrophil,granulocytes,1.5667,0.6992,0.5268,1.6273
KCTD2,ENSG00000180901,23510,Q14681,CRL3,CRL3 substrate receptor (BTB protein),0.0833,0.7,intermediate monocyte,monocytes,2.3034,0.9113,0.9595,1.607
RAB40AL,ENSG00000102128,282808,P0C0E4,CRL5,CRL5 substrate receptor (BC-box protein with CUL5 box),0.3933,1.4,naive B-cell,B-cells,1.7096,0.7438,1.1338,1.6062
BTBD2,ENSG00000133243,55643,Q9BX70,CRL3,CRL3 substrate receptor (BTB protein),7.13,13.0,myeloid DC,dendritic cells,0.8985,0.4671,0.4143,1.5979
HECTD2,ENSG00000165338,143279,Q5U5R9,HECT,HECT E3 ligase,2.9767,6.1,Memory CD4 T-cell Th1,T-cells,1.0623,0.5297,0.9689,1.5912
FBXO45,ENSG00000174013,200933,P0C2W1,CRL1,CRL1 substrate receptor (F-box protein),3.33,6.7,intermediate monocyte,monocytes,1.0371,0.5203,0.6197,1.5891
FBXO21,ENSG00000135108,23014,O94952,CRL1,CRL1 substrate receptor (F-box protein),65.3233,100.7,Terminal effector memory CD4 T-cell,T-cells,0.6508,0.3634,1.1875,1.5771
KBTBD6,ENSG00000165572,89890,Q86V97,CRL3,CRL3 substrate receptor (BTB protein),6.8533,12.5,Memory CD4 T-cell Th17,T-cells,0.8986,0.4673,0.5951,1.5768
KLHL9,ENSG00000198642,55958,Q9P2J3,CRL3,CRL3 substrate receptor (BTB protein),32.2367,51.6,Memory CD4 T-cell Th1/Th17,T-cells,0.7071,0.3882,0.532,1.5693
FBXO42,ENSG00000037637,54455,Q6P3S6,CRL1,CRL1 substrate receptor (F-box protein),42.9533,67.5,non-classical monocyte,monocytes,0.6795,0.3762,0.288,1.5589
PIAS2,ENSG00000078043,9063,O75928,degenerate RING,"Degenerate RING (SP-RING), SUMO E3",14.5867,24.5,naive CD4 T-cell,T-cells,0.7781,0.4186,0.6328,1.5218
ASB5,ENSG00000164122,140458,Q8WWX0,CRL5,CRL5 substrate receptor (BC-box protein with CUL5 box),0.0167,0.5,T-reg,T-cells,2.585,1.0,0.464,1.5121
FBXO43,ENSG00000156509,286151,Q4G163,CRL1,CRL1 substrate receptor (F-box protein),0.0167,0.5,Switched memory B-cell,B-cells,2.585,1.0,0.464,1.5121
RNF128,ENSG00000133135,79589,Q8TEB7,RING,RING,0.0167,0.5,Memory CD4 T-cell Th1/Th17,T-cells,2.585,1.0,0.464,1.5121
TRIM51G,ENSG00000220948,120824,A0A3B3IT33,RING,RING,0.0167,0.5,basophil,granulocytes,2.585,1.0,0.464,1.5121
MARCHF6,ENSG00000145495,10299,O60337,RING,RING,81.7533,123.2,neutrophil,granulocytes,0.6165,0.348,0.3124,1.4925
RING1,ENSG00000204227,6015,Q06587,RING,RING,4.4467,8.4,Non-Vd2 gdTCR,T-cells,0.9466,0.4869,1.291,1.4898
KLHL30,ENSG00000168427,377007,Q0D2K2,CRL3,CRL3 substrate receptor (BTB protein),0.14,0.8,classical monocyte,monocytes,2.0506,0.8534,0.7342,1.4841
TRIM68,ENSG00000167333,55128,Q6AZZ1,RING,RING,18.83,30.8,Terminal effector memory CD4 T-cell,T-cells,0.7387,0.402,0.5704,1.4823
KDM2B,ENSG00000089094,84678,Q8NHM5,CRL1,CRL1 substrate receptor (F-box protein),29.02,46.1,Terminal effector memory CD4 T-cell,T-cells,0.6954,0.3833,0.4949,1.4812
FBXO28,ENSG00000143756,23219,Q9NVF7,CRL1,CRL1 substrate receptor (F-box protein),17.5167,28.7,basophil,granulocytes,0.7411,0.4031,0.2763,1.4615
RNF20,ENSG00000155827,56254,Q5VTR2,RING,RING,53.22,81.3,non-classical monocyte,monocytes,0.6368,0.3573,0.3048,1.4477
HACE1,ENSG00000085382,57531,Q8IYU2,HECT,HECT E3 ligase,5.4233,9.9,plasmacytoid DC,dendritic cells,0.8973,0.4678,0.6893,1.4465
BTBD7,ENSG00000011114,55727,Q9P203,CRL3,CRL3 substrate receptor (BTB protein),4.4967,8.4,basophil,granulocytes,0.9298,0.4807,0.4613,1.4448
RNF170,ENSG00000120925,81790,Q96K19,RING,RING,24.6967,39.3,plasmacytoid DC,dendritic cells,0.6976,0.3844,0.5618,1.4301
GTF2H2,ENSG00000145736,2966,Q13888,RING,RING,2.87,5.7,intermediate monocyte,monocytes,1.0138,0.5136,1.0562,1.4289
MYCBP2,ENSG00000005810,23077,O75592,atypical,Atypical (RING-Cys-Relay),23.3367,37.2,naive B-cell,B-cells,0.7001,0.3855,0.4128,1.4186
PEX12,ENSG00000108733,5193,O00623,RING,RING,4.47,8.3,neutrophil,granulocytes,0.9205,0.4774,0.4832,1.4137
MKRN2,ENSG00000075975,23609,Q9H000,RING,RING,52.6267,79.9,Plasmablast,B-cells,0.6274,0.3531,0.2628,1.4042
KLHL29,ENSG00000119771,114818,Q96CT2,CRL3,CRL3 substrate receptor (BTB protein),0.44,1.4,Memory CD4 T-cell Th2,T-cells,1.5652,0.7094,1.1026,1.4023
PPIL2,ENSG00000100023,23759,Q13356,degenerate RING,Degenerate RING (U-box),34.8267,54.0,plasmacytoid DC,dendritic cells,0.6589,0.3673,0.4269,1.3991
RNF115,ENSG00000265491,27246,Q9Y4L5,RING,RING,6.4333,11.4,basophil,granulocytes,0.8541,0.4507,0.3765,1.3981
TRIM52,ENSG00000183718,84851,Q96A61,RING,RING,35.62,55.1,Memory CD4 T-cell Th2,T-cells,0.6553,0.3657,0.4023,1.3925
SOCS4,ENSG00000180008,122809,Q8WXH5,CRL5,CRL5 substrate receptor (BC-box protein with CUL5 box),7.67,13.3,basophil,granulocytes,0.8228,0.4379,0.4095,1.3828
LZTR1,ENSG00000099949,8216,Q8N653,CRL3,CRL3 substrate receptor (BTB protein),11.0433,18.5,NK-cell,NK-cells,0.7728,0.417,0.7112,1.3809
PCGF6,ENSG00000156374,84108,Q9BYE7,RING,RING,15.8767,25.8,Terminal effector memory CD4 T-cell,T-cells,0.7282,0.3979,1.0883,1.3746
ASB8,ENSG00000177981,140461,Q9H765,CRL5,CRL5 substrate receptor (BC-box protein with CUL5 box),122.7367,178.7,basophil,granulocytes,0.5645,0.324,0.2641,1.3695
TULP4,ENSG00000130338,56995,Q9NRJ4,CRL5,CRL5 substrate receptor (BC-box protein with CUL5 box),17.6133,28.3,plasmacytoid DC,dendritic cells,0.7114,0.3906,1.1634,1.3541
PCGF5,ENSG00000180628,84333,Q86SE9,RING,RING,33.2167,51.1,Central memory CD8 T-cell,T-cells,0.6469,0.362,0.6351,1.3356
UNKL,ENSG00000059145,64718,Q9H9P5,RING,RING,8.68,14.7,basophil,granulocytes,0.7878,0.4236,0.4637,1.3259
TRIM26,ENSG00000234127,7726,Q12899,RING,RING,12.9633,21.2,Plasmablast,B-cells,0.737,0.4019,0.4078,1.3249
GTF2H2C,ENSG00000183474,728340,Q6P1K8,RING,RING,5.6167,9.9,neutrophil,granulocytes,0.8445,0.4476,0.4485,1.3026
IRF2BP1,ENSG00000170604,26145,Q8IU81,RING,RING,1.59,3.4,Vd2 gdTCR,T-cells,1.1046,0.5507,0.4759,1.3003
SHPRH,ENSG00000146414,257218,Q149N8,RING,RING,15.7133,25.2,naive CD8 T-cell,T-cells,0.7082,0.3894,0.8372,1.2993
KLHL38,ENSG00000175946,340359,Q2WGJ6,CRL3,CRL3 substrate receptor (BTB protein),0.47,1.4,classical monocyte,monocytes,1.4795,0.6872,0.6551,1.2841
UBR1,ENSG00000159459,197131,Q8IWV7,RING,RING,44.2067,66.2,naive B-cell,B-cells,0.6064,0.3437,0.366,1.2651
WDR12,ENSG00000138442,55759,Q9GZL7,CRL4,CRL4 substrate receptor (DDB1-binding protein),5.4767,9.6,Plasmablast,B-cells,0.8358,0.4443,0.3917,1.2649
TRAF2,ENSG00000127191,7186,Q12933,RING,RING,42.67,64.0,Plasmablast,B-cells,0.6088,0.3448,0.5386,1.264
KLHL24,ENSG00000114796,54800,Q6TFL4,CRL3,CRL3 substrate receptor (BTB protein),87.0033,126.2,neutrophil,granulocytes,0.5586,0.3213,0.3793,1.2548
RNF181,ENSG00000168894,51255,Q9P0P0,RING,RING,47.0467,70.1,Plasmablast,B-cells,0.5988,0.3402,0.236,1.2533
ASB4,ENSG00000005981,51666,Q9Y574,CRL2,"CRL2 substrate receptor (BC-CUL2-box), CRL5 substrate receptor (BC-CUL5-box)",1.5133,3.2,Non-switched memory B-cell,B-cells,1.0854,0.5453,0.5645,1.2253
ZNF598,ENSG00000167962,90850,Q86UK7,RING,RING,0.33,1.1,Terminal effector memory CD8 T-cell,T-cells,1.5726,0.7241,0.9511,1.2189
BTBD1,ENSG00000064726,53339,Q9H0C5,CRL3,CRL3 substrate receptor (BTB protein),30.2933,45.9,Plasmablast,B-cells,0.6237,0.3517,0.3342,1.2178
KLHL20,ENSG00000076321,27252,Q9Y2M5,CRL3,CRL3 substrate receptor (BTB protein),27.7967,42.3,naive CD8 T-cell,T-cells,0.6301,0.3547,0.5726,1.2149
DCAF16,ENSG00000163257,54876,Q9NXF7,CRL4,CRL4 substrate receptor (DDB1-binding protein),13.8833,22.1,Progenitor cell,Progenitors,0.6964,0.3846,0.4868,1.2133
UNK,ENSG00000132478,85451,Q9C0B0,RING,RING,4.5267,8.0,neutrophil,granulocytes,0.8458,0.4491,0.3329,1.2042
TRIM17,ENSG00000162931,51127,Q9Y577,RING,RING,0.77,1.9,NK-cell,NK-cells,1.267,0.6152,0.7222,1.1974
UBE3A,ENSG00000114062,7337,Q05086,HECT,HECT E3 ligase,98.4067,140.7,Plasmablast,B-cells,0.5369,0.311,0.5864,1.1931
UBOX5,ENSG00000185019,22888,O94941,RING,"RING, degenerate RING (U-box)",16.7633,26.2,basophil,granulocytes,0.6693,0.3726,0.3026,1.1884
FEM1B,ENSG00000169018,10116,Q9UK73,CRL2,"CRL2 substrate receptor (BC-CUL2-box), CRL5 substrate receptor (BC-CUL5-box)",43.0767,63.5,Terminal effector memory CD4 T-cell,T-cells,0.5825,0.3327,0.4196,1.165
FBXW10B,ENSG00000241322,374286,O95170,CRL1,CRL1 substrate receptor (F-box protein),1.13,2.5,Memory CD4 T-cell Th1,T-cells,1.1364,0.5669,0.7313,1.1643
KLHL26,ENSG00000167487,55295,Q53HC5,CRL3,CRL3 substrate receptor (BTB protein),9.63,15.6,Terminal effector memory CD4 T-cell,T-cells,0.7211,0.3959,0.3119,1.1571
RNF7,ENSG00000114125,9616,Q9UBF6,degenerate RING,Degenerate RING,85.1667,121.6,Terminal effector memory CD8 T-cell,T-cells,0.5347,0.3099,0.3009,1.1498
FZR1,ENSG00000105325,51343,Q9UM11,APC/C,APC substrate receptor,12.3633,19.6,neutrophil,granulocytes,0.6897,0.3819,0.343,1.1497
RNF126,ENSG00000070423,55658,Q9BV68,RING,RING,38.78,57.3,Plasmablast,B-cells,0.5859,0.3344,0.6425,1.1491
ASB6,ENSG00000148331,140459,Q9NWX5,CRL5,CRL5 substrate receptor (BC-box protein with CUL5 box),35.94,53.3,NK-cell,NK-cells,0.5914,0.3369,0.2962,1.1483
CUL9,ENSG00000112659,23113,Q8IWT3,RBR,RING-between-RING,8.3133,13.6,naive CD8 T-cell,T-cells,0.735,0.4021,0.4546,1.1433
BRAP,ENSG00000089234,8315,Q7Z569,RING,RING,56.8967,82.5,neutrophil,granulocytes,0.5578,0.321,0.2447,1.1432
MID1,ENSG00000101871,4281,O15344,RING,RING,0.6767,1.7,basophil,granulocytes,1.2797,0.6227,0.7149,1.1419
FBXO9,ENSG00000112146,26268,Q9UK97,CRL1,CRL1 substrate receptor (F-box protein),40.9867,60.3,classical monocyte,monocytes,0.5795,0.3313,0.2908,1.14
HUWE1,ENSG00000086758,10075,Q7Z6Z7,HECT,HECT E3 ligase,45.9067,67.1,MAIT T-cell,T-cells,0.5697,0.3267,0.348,1.1336
KLHL41,ENSG00000239474,10324,O60662,CRL3,CRL3 substrate receptor (BTB protein),0.0567,0.5,Memory CD4 T-cell TFH,T-cells,2.0854,0.9172,0.7357,1.1189
VHL,ENSG00000134086,7428,P40337,CRL2,CRL2 substrate receptor (BC-CUL2-box),17.78,27.3,Non-switched memory B-cell,B-cells,0.6426,0.3607,0.3087,1.1179
VPS11,ENSG00000160695,55823,Q9H270,RING,RING,37.58,55.3,non-classical monocyte,monocytes,0.5797,0.3315,0.4286,1.1174
UBR3,ENSG00000144357,130507,Q6ZT12,RING,RING,7.6933,12.6,neutrophil,granulocytes,0.7362,0.4028,0.3727,1.1167
RNF31,ENSG00000092098,55072,Q96EP0,RBR,RING-between-RING,8.45,13.7,MAIT T-cell,T-cells,0.7215,0.3964,0.449,1.1092
ECT2L,ENSG00000203734,345930,Q008S8,CRL1,CRL1 substrate receptor (F-box protein),0.6333,1.6,basophil,granulocytes,1.2801,0.625,0.7481,1.1029
HECTD1,ENSG00000092148,25831,Q9ULT8,HECT,HECT E3 ligase,17.79,27.2,Central memory CD8 T-cell,T-cells,0.6362,0.3579,0.4436,1.0968
APPBP2,ENSG00000062725,10513,Q92624,CRL2,CRL2 substrate receptor (BC-CUL2-box),24.76,37.1,Terminal effector memory CD4 T-cell,T-cells,0.6064,0.3441,0.3261,1.0958
RNF139,ENSG00000170881,11236,Q8WU17,RING,RING,62.8867,90.0,Vd2 gdTCR,T-cells,0.5381,0.3116,0.4203,1.0913
DCAF1,ENSG00000145041,9730,Q9Y4B6,CRL4,CRL4 substrate receptor (DDB1-binding protein),32.47,47.9,Memory CD4 T-cell Th17,T-cells,0.5833,0.3332,0.7128,1.0907
RNF25,ENSG00000163481,64320,Q96BH1,RING,RING,29.27,43.4,basophil,granulocytes,0.5908,0.3368,0.2818,1.0889
BRWD1,ENSG00000185658,54014,Q9NSI6,CRL4,CRL4 substrate receptor (DDB1-binding protein),66.1333,94.3,T-reg,T-cells,0.5325,0.309,0.3838,1.0818
ARIH1,ENSG00000166233,25820,Q9Y4X5,RBR,"RING-between-RING, Ubl E3",4.9467,8.4,neutrophil,granulocytes,0.7866,0.4253,0.3714,1.0814
TRIM4,ENSG00000146833,89122,Q9C037,RING,RING,72.1133,102.1,naive CD4 T-cell,T-cells,0.5219,0.3038,0.3591,1.0604
G2E3,ENSG00000092140,55632,Q7L622,HECT,"RING, HECT",44.07,63.6,Memory CD4 T-cell Th1/Th17,T-cells,0.5504,0.3177,0.3999,1.0514
BTBD18,ENSG00000233436,643376,B2RXH4,CRL3,CRL3 substrate receptor (BTB protein),1.0733,2.3,plasmacytoid DC,dendritic cells,1.0854,0.5517,0.9005,1.0315
KLHDC3,ENSG00000124702,116138,Q9BQ90,CRL2,"CRL2 substrate receptor (BC-CUL2-box), CRL5 substrate receptor (BC-CUL5-box)",153.2967,210.4,myeloid DC,dendritic cells,0.4752,0.2808,0.2995,1.0305
PRPF19,ENSG00000110107,27339,Q9UMS4,degenerate RING,Degenerate RING (U-box),7.06,11.4,naive CD4 T-cell,T-cells,0.7141,0.3938,1.0258,1.0215
MUL1,ENSG00000090432,79594,Q969V5,RING,RING,56.4333,80.1,Plasmablast,B-cells,0.5255,0.3057,0.2437,1.0186
NCCRP1,ENSG00000188505,342897,Q6ZVX7,CRL1,CRL1 substrate receptor (F-box protein),1.6367,3.2,neutrophil,granulocytes,0.9716,0.5054,0.3824,1.0167
RNF224,ENSG00000233198,643596,P0DH78,RING,RING,0.0267,0.4,Plasmablast,B-cells,2.1355,0.9655,0.5398,1.0009
DCAF11,ENSG00000100897,80344,Q8TEB1,CRL4,CRL4 substrate receptor (DDB1-binding protein),44.1467,63.0,neutrophil,granulocytes,0.5334,0.3096,0.2601,0.9908
SOCS7,ENSG00000274211,30837,O14512,CRL5,CRL5 substrate receptor (BC-box protein with CUL5 box),3.0867,5.4,MAIT T-cell,T-cells,0.824,0.4432,0.8315,0.9779
BTBD6,ENSG00000184887,90135,Q96KE9,CRL3,CRL3 substrate receptor (BTB protein),2.6933,4.8,Effector memory CD8 T-cell,T-cells,0.8488,0.454,0.6798,0.9773
NSMCE2,ENSG00000156831,286053,Q96MF7,degenerate RING,"Degenerate RING (SP-RING), SUMO E3",36.77,52.7,classical monocyte,monocytes,0.5397,0.3127,0.347,0.9699
RNF151,ENSG00000179580,146310,Q2KHN1,RING,RING,0.0767,0.5,Terminal effector memory CD4 T-cell,T-cells,1.8884,0.8759,0.823,0.9675
LONRF2,ENSG00000170500,164832,Q1L5Z9,RING,RING,0.23,0.8,Memory CD4 T-cell Th17,T-cells,1.5361,0.7371,0.6376,0.9601
WDR48,ENSG00000114742,57599,Q8TAF3,CRL4,CRL4 substrate receptor (DDB1-binding protein),63.7567,89.1,Progenitor cell,Progenitors,0.5021,0.2942,0.2244,0.9593
TRIM41,ENSG00000146063,90933,Q8WV44,RING,RING,3.3733,5.8,Non-Vd2 gdTCR,T-cells,0.7996,0.4328,0.4872,0.9571
KLHL35,ENSG00000149243,283212,Q6PF15,CRL3,CRL3 substrate receptor (BTB protein),0.08,0.5,total PBMC,total PBMC,1.858,0.869,0.779,0.9444
RAG1,ENSG00000166349,5896,P15918,RING,RING,0.13,0.6,Exhausted memory B-cell,B-cells,1.7111,0.8103,0.9913,0.9402
RNF123,ENSG00000164068,63891,Q5XPI4,RING,RING,26.68,38.5,plasmacytoid DC,dendritic cells,0.5496,0.3176,0.2225,0.9257
FBXL4,ENSG00000112234,26235,Q9UKA2,CRL1,CRL1 substrate receptor (F-box protein),28.5167,40.8,basophil,granulocytes,0.5368,0.3114,0.356,0.9003
TRAF7,ENSG00000131653,84231,Q6Q0C0,RING,RING,14.8433,22.0,non-classical monocyte,monocytes,0.5886,0.3365,0.3075,0.896
TRIM10,ENSG00000204613,10107,Q9UDY6,RING,RING,0.04,0.4,naive B-cell,B-cells,1.9705,0.931,0.6592,0.8905
DCAF17,ENSG00000115827,80067,Q5H9S7,CRL4,CRL4 substrate receptor (DDB1-binding protein),13.83,20.5,naive CD4 T-cell,T-cells,0.5885,0.3366,0.694,0.8767
RC3H2,ENSG00000056586,54542,Q9HBD1,RING,RING,61.4767,84.6,Terminal effector memory CD4 T-cell,T-cells,0.4788,0.2828,0.3146,0.869
KBTBD4,ENSG00000123444,55709,Q9NVX7,CRL3,CRL3 substrate receptor (BTB protein),27.64,39.3,Memory CD4 T-cell Th1/Th17,T-cells,0.5273,0.3069,0.4336,0.863
CIAO1,ENSG00000144021,9391,O76071,CRL4,CRL4 substrate receptor (DDB1-binding protein),53.2533,73.5,NK-cell,NK-cells,0.4831,0.285,0.1991,0.8562
ATG12,ENSG00000145782,9140,O94817,atypical,"Atypical E3 (catalytic site formed from multiple interfaces), Ubl E3",70.2033,95.9,neutrophil,granulocytes,0.4677,0.2772,0.2956,0.8555
SPSB3,ENSG00000162032,90864,Q6PJ21,CRL5,CRL5 substrate receptor (BC-box protein with CUL5 box),67.99,92.6,Terminal effector memory CD4 T-cell,T-cells,0.4632,0.2749,0.3341,0.834
PCGF1,ENSG00000115289,84759,Q9BSM1,RING,RING,12.0933,17.9,classical monocyte,monocytes,0.5858,0.3356,0.6276,0.8336
UBE4A,ENSG00000110344,9354,Q14139,degenerate RING,Degenerate RING (U-box),79.4633,107.6,neutrophil,granulocytes,0.4545,0.2705,0.2204,0.8316
TRIM37,ENSG00000108395,4591,O94972,RING,RING,17.92,25.8,basophil,granulocytes,0.5453,0.316,0.4586,0.8173
ASB16,ENSG00000161664,92591,Q96NS5,CRL5,CRL5 substrate receptor (BC-box protein with CUL5 box),10.4867,15.6,neutrophil,granulocytes,0.5927,0.3391,0.3465,0.8146
FBXL17,ENSG00000145743,64839,Q9UF56,CRL1,CRL1 substrate receptor (F-box protein),4.5167,7.2,NK-cell,NK-cells,0.6903,0.3855,0.4403,0.8078
RNF4,ENSG00000063978,6047,P78317,RING,RING,172.41,225.8,Effector memory CD8 T-cell,T-cells,0.4045,0.2446,0.3098,0.7742
RNF208,ENSG00000212864,727800,Q9H0X6,RING,RING,0.0567,0.4,myeloid DC,dendritic cells,1.7876,0.8879,0.7153,0.7705
FBXO31,ENSG00000103264,79791,Q5XUX0,CRL1,CRL1 substrate receptor (F-box protein),2.6333,4.4,Memory CD4 T-cell Th1/Th17,T-cells,0.7518,0.4154,1.0941,0.7597
TRIM64C,ENSG00000214891,646754,A6NLI5,RING,RING,0.01,0.3,basophil,granulocytes,2.0,1.0,0.359,0.757
RNF8,ENSG00000112130,9025,O76064,RING,RING,7.3833,11.1,Vd2 gdTCR,T-cells,0.6067,0.3464,0.6725,0.7559
PCGF3,ENSG00000185619,10336,Q3KNV8,RING,RING,50.32,68.1,plasmacytoid DC,dendritic cells,0.4534,0.2701,0.2385,0.7483
LTN1,ENSG00000198862,26046,O94822,RING,RING,25.5933,35.6,basophil,granulocytes,0.494,0.2908,0.2714,0.7461
FBXO34,ENSG00000178974,55030,Q9NWN3,CRL1,CRL1 substrate receptor (F-box protein),49.2167,66.4,Vd2 gdTCR,T-cells,0.4487,0.2677,0.2894,0.7297
RNF152,ENSG00000176641,220441,Q8N8N0,RING,RING,0.59,1.3,neutrophil,granulocytes,1.0729,0.565,0.3829,0.7284
PRAMEF9,ENSG00000204505,343070,P0DUQ2,CRL2,CRL2 substrate receptor (BC-CUL2-box),0.1733,0.6,basophil,granulocytes,1.4365,0.7356,0.6275,0.7166
ATG5,ENSG00000057663,9474,Q9H1Y0,atypical,"Atypical E3 (catalytic site formed from multiple interfaces), Ubl E3",20.5033,28.6,Memory CD4 T-cell Th1/Th17,T-cells,0.4979,0.2929,0.3242,0.7126
RFWD3,ENSG00000168411,55159,Q6PCD5,RING,RING,19.41,27.1,basophil,granulocytes,0.4991,0.2935,0.3126,0.7051
TRIM60,ENSG00000176979,166655,Q495X7,RING,RING,0.2933,0.8,neutrophil,granulocytes,1.2597,0.6552,0.6971,0.6999
GAN,ENSG00000261609,8139,Q9H2C0,CRL3,CRL3 substrate receptor (BTB protein),3.3333,5.3,MAIT T-cell,T-cells,0.6821,0.3839,0.6238,0.6953
BTRC,ENSG00000166167,8945,Q9Y297,CRL1,CRL1 substrate receptor (F-box protein),12.55,17.8,Terminal effector memory CD4 T-cell,T-cells,0.5216,0.3051,0.4141,0.6736
LNX2,ENSG00000139517,222484,Q8N448,RING,RING,5.4133,8.1,Memory CD4 T-cell Th17,T-cells,0.5971,0.3431,0.5375,0.6528
ANKRD9,ENSG00000156381,122416,Q96BM1,CRL5,CRL5 substrate receptor (BC-box protein with CUL5 box),0.4933,1.1,total PBMC,total PBMC,1.0679,0.5705,0.5758,0.6522
SMURF1,ENSG00000198742,57154,Q9HCE7,HECT,HECT E3 ligase,0.0767,0.4,Memory CD4 T-cell TFH,T-cells,1.5949,0.8362,0.7758,0.6474
FBXL12,ENSG00000127452,54850,Q9NXK8,CRL1,CRL1 substrate receptor (F-box protein),54.9233,72.5,plasmacytoid DC,dendritic cells,0.4159,0.2508,0.2505,0.6467
PRAME,ENSG00000185686,23532,P78395,CRL2,CRL2 substrate receptor (BC-CUL2-box),0.0267,0.3,Memory CD4 T-cell Th2,T-cells,1.7705,0.9425,0.5619,0.6316
UBE3C,ENSG00000009335,9690,Q15386,HECT,HECT E3 ligase,16.2633,22.4,Central memory CD8 T-cell,T-cells,0.4782,0.2834,0.3935,0.6165
BIRC6,ENSG00000115760,57448,Q9NR09,atypical,Atypical E3 (E2/E3 hybrid),35.7767,47.6,Memory CD4 T-cell Th1,T-cells,0.4274,0.257,0.2862,0.6154
TRIM54,ENSG00000138100,57159,Q9BYV2,RING,RING,0.03,0.3,plasmacytoid DC,dendritic cells,1.7287,0.931,0.5121,0.6092
TRIM71,ENSG00000206557,131405,Q2Q1W2,RING,RING,0.0333,0.3,Non-switched memory B-cell,B-cells,1.6881,0.9195,0.5494,0.5875
TRIM65,ENSG00000141569,201292,Q6PJ69,RING,RING,11.8867,16.5,Effector memory CD8 T-cell,T-cells,0.489,0.2892,0.4314,0.5841
OBI1,ENSG00000152193,79596,Q5W0B1,RING,RING,16.4967,22.5,non-classical monocyte,monocytes,0.4635,0.276,0.4785,0.5827
ZNRF3,ENSG00000183579,84133,Q9ULT6,RING,RING,0.3967,0.9,neutrophil,granulocytes,1.061,0.5785,0.5038,0.5684
KLHL17,ENSG00000187961,339451,Q6TDP4,CRL3,CRL3 substrate receptor (BTB protein),1.9233,3.1,Terminal effector memory CD4 T-cell,T-cells,0.6906,0.3927,0.8724,0.552
FBXL15,ENSG00000107872,79176,Q9H469,CRL1,CRL1 substrate receptor (F-box protein),29.0167,38.3,myeloid DC,dendritic cells,0.4152,0.2507,0.3727,0.5514
FEM1A,ENSG00000141965,55527,Q9BSK4,CRL2,"CRL2 substrate receptor (BC-CUL2-box), CRL5 substrate receptor (BC-CUL5-box)",12.5267,17.1,classical monocyte,monocytes,0.4641,0.2767,0.2291,0.5364
UBE3B,ENSG00000151148,89910,Q7Z3V4,HECT,HECT E3 ligase,37.3167,48.3,naive B-cell,B-cells,0.386,0.2352,0.1833,0.5106
KCTD18,ENSG00000155729,130535,Q6PI47,CRL3,CRL3 substrate receptor (BTB protein),15.1433,20.3,intermediate monocyte,monocytes,0.4373,0.2628,0.2456,0.5071
RNF6,ENSG00000127870,6049,Q9Y252,RING,RING,85.3367,107.5,NK-cell,NK-cells,0.3457,0.2133,0.2597,0.4986
UBR4,ENSG00000127481,23352,Q5T4S7,degenerate RING,Degenerate RING,55.0,70.0,Vd2 gdTCR,T-cells,0.361,0.2217,0.1952,0.4921
RSPRY1,ENSG00000159579,89970,Q96DX4,RING,RING,48.7133,62.2,neutrophil,granulocytes,0.3658,0.2243,0.2157,0.4908
LRRC58,ENSG00000163428,116064,Q96CX6,CRL2,"CRL2 substrate receptor (BC-CUL2-box), CRL5 substrate receptor (BC-CUL5-box)",19.1467,25.2,Memory CD4 T-cell Th1,T-cells,0.4103,0.2485,0.6778,0.4803
BFAR,ENSG00000103429,51283,Q9NZS9,RING,RING,46.1433,58.4,naive CD8 T-cell,T-cells,0.3524,0.2171,0.4044,0.4509
RNF26,ENSG00000173456,79102,Q9BY78,RING,RING,56.64,71.2,naive B-cell,B-cells,0.3424,0.2115,0.7646,0.4471
KLHL11,ENSG00000178502,55175,Q9NVR0,CRL3,CRL3 substrate receptor (BTB protein),7.86,10.7,Non-Vd2 gdTCR,T-cells,0.4581,0.2746,0.4105,0.4463
KLHL12,ENSG00000117153,59349,Q53G59,CRL3,CRL3 substrate receptor (BTB protein),56.4733,70.9,non-classical monocyte,monocytes,0.3404,0.2105,0.2247,0.442
FBXO8,ENSG00000164117,26269,Q9NRD0,CRL1,CRL1 substrate receptor (F-box protein),28.9,37.0,Non-Vd2 gdTCR,T-cells,0.3693,0.2265,0.3348,0.4389
ZFTRAF1,ENSG00000187954,50626,P0DTL6,RING,RING,0.1833,0.5,basophil,granulocytes,1.1392,0.6552,0.891,0.4366
ZSWIM2,ENSG00000163012,151112,Q8NEG5,RING,RING,0.0067,0.2,classical monocyte,monocytes,1.585,1.0,0.2845,0.4169
RBBP6,ENSG00000122257,5930,Q7Z6E9,RING,RING,48.61,60.7,basophil,granulocytes,0.3323,0.206,0.1951,0.4071
KLHDC10,ENSG00000128607,23008,Q6PID8,CRL2,CRL2 substrate receptor (BC-CUL2-box),5.79,7.9,naive CD8 T-cell,T-cells,0.4597,0.2763,0.2613,0.4005
CBLL2,ENSG00000175809,158506,Q8N7E2,RING,RING,0.01,0.2,plasmacytoid DC,dendritic cells,1.5361,0.9828,0.3311,0.3971
ELOA2,ENSG00000206181,51224,Q8IYF1,CRL5,CRL5 substrate receptor (BC-box protein with CUL5 box),0.01,0.2,Exhausted memory B-cell,B-cells,1.5361,0.9828,0.3311,0.3971
TRIM50,ENSG00000146755,135892,Q86XT4,RING,RING,0.0133,0.2,Memory CD4 T-cell Th17,T-cells,1.4887,0.9655,0.3689,0.3781
TNFAIP1,ENSG00000109079,7126,Q13829,CRL3,CRL3 substrate receptor (BTB protein),31.56,39.4,Plasmablast,B-cells,0.3316,0.2058,0.2137,0.3642
RANBP2,ENSG00000153201,5903,P49792,atypical,"Atypical E3 (interinal repeat region IR1-M-IR2), SUMO E3",14.85,19.0,Plasmablast,B-cells,0.3673,0.226,0.233,0.3587
MARCHF4,ENSG00000144583,57574,Q9P2E8,RING,RING,0.0233,0.2,basophil,granulocytes,1.3555,0.9138,0.4745,0.3258
DCAF8,ENSG00000132716,50717,Q5TAQ9,CRL4,CRL4 substrate receptor (DDB1-binding protein),174.1467,205.4,naive CD8 T-cell,T-cells,0.247,0.1574,0.1954,0.2989
ASB11,ENSG00000165192,140456,Q8WXH4,CRL5,CRL5 substrate receptor (BC-box protein with CUL5 box),0.1967,0.4,basophil,granulocytes,0.7876,0.5259,0.6122,0.201
FBXO47,ENSG00000204952,494188,Q5MNV8,CRL1,CRL1 substrate receptor (F-box protein),0.0033,0.1,neutrophil,granulocytes,1.0,1.0,0.1795,0.1375
FBXW10,ENSG00000171931,10517,Q5XX13,CRL1,CRL1 substrate receptor (F-box protein),0.0033,0.1,Plasmablast,B-cells,1.0,1.0,0.1795,0.1375
KBTBD11,ENSG00000176595,9920,O94819,CRL3,CRL3 substrate receptor (BTB protein),0.0033,0.1,Memory CD4 T-cell TFH,T-cells,1.0,1.0,0.1795,0.1375
TRIM48,ENSG00000150244,79097,Q8IWZ4,RING,RING,0.0033,0.1,basophil,granulocytes,1.0,1.0,0.1795,0.1375
TRIM67,ENSG00000119283,440730,Q6ZTA4,RING,RING,0.0033,0.1,Central memory CD8 T-cell,T-cells,1.0,1.0,0.1795,0.1375
SPSB4,ENSG00000175093,92369,Q96A44,CRL5,CRL5 substrate receptor (BC-box protein with CUL5 box),0.0067,0.1,neutrophil,granulocytes,0.9511,0.9655,0.2494,0.1263
ASB10,ENSG00000146926,136371,Q8WXI3,CRL5,CRL5 substrate receptor (BC-box protein with CUL5 box),0.0,0.0,basophil,granulocytes,0.0,0.0,0.0,0.0
ASB17,ENSG00000154007,127247,Q8WXJ9,CRL5,CRL5 substrate receptor (BC-box protein with CUL5 box),0.0,0.0,basophil,granulocytes,0.0,0.0,0.0,0.0
BTBD16,ENSG00000138152,118663,Q32M84,CRL3,CRL3 substrate receptor (BTB protein),0.0,0.0,basophil,granulocytes,0.0,0.0,0.0,0.0
CBLC,ENSG00000142273,23624,Q9ULV8,RING,RING,0.0,0.0,basophil,granulocytes,0.0,0.0,0.0,0.0
DCAF4L2,ENSG00000176566,138009,Q8NA75,CRL4,CRL4 substrate receptor (DDB1-binding protein),0.0,0.0,basophil,granulocytes,0.0,0.0,0.0,0.0
DCAF8L2,ENSG00000189186,347442,P0C7V8,CRL4,CRL4 substrate receptor (DDB1-binding protein),0.0,0.0,basophil,granulocytes,0.0,0.0,0.0,0.0
FBXL7,ENSG00000183580,23194,Q9UJT9,CRL1,CRL1 substrate receptor (F-box protein),0.0,0.0,basophil,granulocytes,0.0,0.0,0.0,0.0
FBXW12,ENSG00000164049,285231,Q6X9E4,CRL1,CRL1 substrate receptor (F-box protein),0.0,0.0,basophil,granulocytes,0.0,0.0,0.0,0.0
GMCL2,ENSG00000244234,64396,Q8NEA9,CRL3,CRL3 substrate receptor (BTB protein),0.0,0.0,basophil,granulocytes,0.0,0.0,0.0,0.0
KBTBD13,ENSG00000234438,390594,C9JR72,CRL3,CRL3 substrate receptor (BTB protein),0.0,0.0,basophil,granulocytes,0.0,0.0,0.0,0.0
KLHL1,ENSG00000150361,57626,Q9NR64,CRL3,CRL3 substrate receptor (BTB protein),0.0,0.0,basophil,granulocytes,0.0,0.0,0.0,0.0
KLHL40,ENSG00000157119,131377,Q2TBA0,CRL3,CRL3 substrate receptor (BTB protein),0.0,0.0,basophil,granulocytes,0.0,0.0,0.0,0.0
MEX3D,ENSG00000181588,399664,Q86XN8,RING,RING,0.0,0.0,basophil,granulocytes,0.0,0.0,0.0,0.0
PRAMEF12,ENSG00000116726,390999,O95522,CRL2,CRL2 substrate receptor (BC-CUL2-box),0.0,0.0,basophil,granulocytes,0.0,0.0,0.0,0.0
PRAMEF17,ENSG00000204479,391004,Q5VTA0,CRL2,CRL2 substrate receptor (BC-CUL2-box),0.0,0.0,basophil,granulocytes,0.0,0.0,0.0,0.0
RFPL4B,ENSG00000251258,442247,Q6ZWI9,RING,RING,0.0,0.0,basophil,granulocytes,0.0,0.0,0.0,0.0
RNF133,ENSG00000188050,168433,Q8WVZ7,RING,RING,0.0,0.0,basophil,granulocytes,0.0,0.0,0.0,0.0
RNF148,ENSG00000235631,378925,Q8N7C7,RING,RING,0.0,0.0,basophil,granulocytes,0.0,0.0,0.0,0.0
RNF186,ENSG00000178828,54546,Q9NXI6,RING,RING,0.0,0.0,basophil,granulocytes,0.0,0.0,0.0,0.0
RNF225,ENSG00000269855,646862,M0QZC1,RING,RING,0.0,0.0,basophil,granulocytes,0.0,0.0,0.0,0.0
TRIM15,ENSG00000204610,89870,Q9C019,RING,RING,0.0,0.0,basophil,granulocytes,0.0,0.0,0.0,0.0
TRIM31,ENSG00000204616,11074,Q9BZY9,RING,RING,0.0,0.0,basophil,granulocytes,0.0,0.0,0.0,0.0
TRIM40,ENSG00000204614,135644,Q6P9F5,RING,RING,0.0,0.0,basophil,granulocytes,0.0,0.0,0.0,0.0
TRIM42,ENSG00000155890,287015,Q8IWZ5,RING,RING,0.0,0.0,basophil,granulocytes,0.0,0.0,0.0,0.0
TRIM43,ENSG00000144015,129868,Q96BQ3,RING,RING,0.0,0.0,basophil,granulocytes,0.0,0.0,0.0,0.0
TRIM43B,ENSG00000144010,653192,A6NCK2,RING,RING,0.0,0.0,basophil,granulocytes,0.0,0.0,0.0,0.0
TRIM49B,ENSG00000182053,283116,A6NDI0,RING,RING,0.0,0.0,basophil,granulocytes,0.0,0.0,0.0,0.0
TRIM63,ENSG00000158022,84676,Q969Q1,RING,RING,0.0,0.0,basophil,granulocytes,0.0,0.0,0.0,0.0
TRIM77,ENSG00000214414,390231,I1YAP6,RING,RING,0.0,0.0,basophil,granulocytes,0.0,0.0,0.0,0.0
TRIML1,ENSG00000184108,339976,Q8N9V2,RING,RING,0.0,0.0,basophil,granulocytes,0.0,0.0,0.0,0.0
ZNRF4,ENSG00000105428,148066,Q8WWF5,RING,RING,0.0,0.0,basophil,granulocytes,0.0,0.0,0.0,0.0
